Id,Category
1,2
2,1
3,1
4,0
5,2
6,8
7,1
8,4
9,2
10,8
11,8
12,3
13,3
14,1
15,4
16,6
17,6
18,6
19,3
20,2
21,4
22,3
23,9
24,1
25,7
26,3
27,8
28,2
29,6
30,6
31,4
32,2
33,4
34,8
35,1
36,8
37,8
38,8
39,5
40,0
41,9
42,3
43,5
44,0
45,1
46,7
47,5
48,0
49,7
50,4
51,4
52,1
53,7
54,2
55,4
56,8
57,7
58,2
59,9
60,5
61,3
62,1
63,1
64,3
65,4
66,2
67,4
68,2
69,0
70,1
71,9
72,2
73,7
74,4
75,4
76,2
77,5
78,2
79,8
80,9
81,2
82,3
83,7
84,2
85,0
86,4
87,4
88,4
89,3
90,5
91,9
92,3
93,6
94,3
95,1
96,8
97,3
98,3
99,9
100,3
101,2
102,3
103,6
104,0
105,5
106,5
107,8
108,3
109,0
110,9
111,2
112,4
113,3
114,3
115,5
116,7
117,3
118,0
119,8
120,0
121,3
122,1
123,4
124,7
125,6
126,1
127,2
128,0
129,2
130,0
131,4
132,8
133,2
134,1
135,7
136,1
137,1
138,0
139,6
140,7
141,3
142,0
143,0
144,0
145,9
146,1
147,0
148,3
149,3
150,2
151,1
152,6
153,5
154,3
155,2
156,9
157,6
158,3
159,1
160,5
161,0
162,1
163,8
164,4
165,9
166,3
167,8
168,2
169,6
170,3
171,5
172,0
173,7
174,3
175,9
176,9
177,3
178,3
179,6
180,1
181,6
182,6
183,1
184,7
185,5
186,6
187,1
188,4
189,9
190,3
191,6
192,8
193,9
194,4
195,3
196,2
197,0
198,3
199,5
200,3
201,1
202,6
203,3
204,9
205,6
206,5
207,4
208,2
209,1
210,0
211,7
212,8
213,0
214,4
215,3
216,9
217,3
218,2
219,5
220,3
221,2
222,9
223,6
224,5
225,2
226,3
227,8
228,4
229,2
230,7
231,1
232,0
233,3
234,3
235,1
236,6
237,2
238,7
239,7
240,6
241,8
242,5
243,4
244,3
245,2
246,7
247,7
248,6
249,8
250,8
251,2
252,2
253,0
254,8
255,0
256,6
257,0
258,0
259,7
260,9
261,8
262,3
263,2
264,6
265,5
266,1
267,0
268,6
269,3
270,3
271,8
272,0
273,1
274,1
275,3
276,9
277,0
278,1
279,6
280,4
281,7
282,5
283,5
284,5
285,1
286,9
287,3
288,2
289,2
290,0
291,3
292,9
293,4
294,3
295,5
296,7
297,6
298,3
299,0
300,4
301,2
302,0
303,7
304,4
305,2
306,2
307,1
308,3
309,7
310,1
311,4
312,8
313,9
314,8
315,6
316,6
317,0
318,5
319,3
320,7
321,7
322,4
323,4
324,8
325,2
326,2
327,2
328,7
329,4
330,3
331,6
332,3
333,2
334,5
335,1
336,8
337,3
338,6
339,1
340,9
341,8
342,6
343,4
344,2
345,2
346,3
347,5
348,3
349,0
350,1
351,2
352,2
353,3
354,8
355,1
356,0
357,5
358,7
359,6
360,5
361,4
362,7
363,5
364,2
365,7
366,8
367,0
368,0
369,1
370,8
371,6
372,0
373,8
374,7
375,3
376,4
377,2
378,5
379,3
380,4
381,5
382,9
383,2
384,2
385,0
386,7
387,5
388,3
389,2
390,0
391,7
392,2
393,1
394,6
395,8
396,6
397,7
398,1
399,1
400,2
401,5
402,6
403,7
404,6
405,7
406,0
407,0
408,9
409,9
410,6
411,8
412,0
413,0
414,7
415,6
416,6
417,0
418,8
419,0
420,1
421,5
422,8
423,0
424,7
425,3
426,9
427,3
428,7
429,4
430,2
431,9
432,0
433,7
434,7
435,5
436,0
437,8
438,2
439,1
440,7
441,7
442,0
443,2
444,3
445,8
446,9
447,1
448,4
449,5
450,3
451,4
452,2
453,0
454,9
455,4
456,9
457,2
458,5
459,1
460,9
461,1
462,6
463,7
464,3
465,5
466,4
467,3
468,6
469,3
470,0
471,0
472,8
473,2
474,9
475,2
476,0
477,3
478,0
479,7
480,2
481,0
482,2
483,2
484,8
485,5
486,5
487,9
488,9
489,3
490,6
491,3
492,3
493,3
494,6
495,1
496,4
497,1
498,1
499,8
500,9
501,4
502,0
503,7
504,2
505,4
506,9
507,4
508,8
509,0
510,0
511,4
512,2
513,3
514,9
515,3
516,9
517,3
518,3
519,7
520,3
521,2
522,9
523,0
524,0
525,2
526,7
527,4
528,9
529,6
530,0
531,6
532,3
533,3
534,1
535,8
536,0
537,7
538,4
539,2
540,7
541,7
542,7
543,2
544,2
545,3
546,0
547,4
548,0
549,3
550,2
551,1
552,7
553,1
554,2
555,6
556,8
557,5
558,8
559,1
560,3
561,7
562,7
563,9
564,9
565,7
566,3
567,3
568,2
569,1
570,0
571,3
572,4
573,3
574,0
575,2
576,2
577,3
578,6
579,0
580,8
581,2
582,7
583,9
584,3
585,5
586,3
587,6
588,3
589,2
590,7
591,7
592,6
593,6
594,4
595,7
596,9
597,8
598,9
599,8
600,8
601,2
602,7
603,7
604,3
605,6
606,4
607,6
608,1
609,9
610,3
611,8
612,6
613,3
614,2
615,3
616,8
617,2
618,9
619,6
620,2
621,3
622,1
623,9
624,7
625,1
626,7
627,8
628,0
629,3
630,8
631,1
632,0
633,8
634,8
635,6
636,5
637,3
638,8
639,4
640,3
641,9
642,3
643,3
644,5
645,1
646,9
647,0
648,9
649,7
650,4
651,9
652,7
653,3
654,3
655,7
656,8
657,8
658,7
659,9
660,5
661,2
662,2
663,5
664,4
665,5
666,5
667,3
668,1
669,5
670,7
671,6
672,7
673,8
674,0
675,2
676,5
677,1
678,3
679,8
680,3
681,6
682,1
683,4
684,4
685,0
686,2
687,5
688,0
689,2
690,3
691,3
692,9
693,9
694,3
695,1
696,5
697,9
698,6
699,5
700,2
701,6
702,8
703,4
704,6
705,5
706,7
707,3
708,6
709,0
710,1
711,3
712,7
713,6
714,7
715,0
716,1
717,3
718,6
719,0
720,1
721,9
722,7
723,5
724,3
725,5
726,3
727,0
728,6
729,3
730,7
731,9
732,6
733,4
734,9
735,3
736,0
737,9
738,2
739,0
740,5
741,4
742,5
743,0
744,0
745,3
746,4
747,4
748,9
749,0
750,8
751,4
752,8
753,8
754,2
755,9
756,1
757,0
758,1
759,9
760,3
761,2
762,0
763,3
764,1
765,6
766,1
767,6
768,4
769,0
770,4
771,5
772,7
773,4
774,3
775,7
776,3
777,3
778,8
779,7
780,9
781,4
782,1
783,0
784,4
785,8
786,6
787,3
788,1
789,1
790,9
791,8
792,9
793,9
794,7
795,7
796,7
797,5
798,0
799,2
800,0
801,7
802,8
803,6
804,3
805,0
806,3
807,4
808,9
809,6
810,2
811,7
812,5
813,7
814,3
815,3
816,0
817,1
818,9
819,3
820,7
821,6
822,9
823,1
824,2
825,0
826,8
827,6
828,3
829,3
830,9
831,0
832,8
833,4
834,8
835,5
836,9
837,3
838,2
839,2
840,9
841,0
842,1
843,6
844,2
845,3
846,4
847,5
848,7
849,2
850,7
851,4
852,7
853,0
854,6
855,2
856,6
857,6
858,8
859,9
860,3
861,3
862,3
863,4
864,0
865,1
866,2
867,7
868,5
869,0
870,9
871,0
872,1
873,9
874,2
875,5
876,2
877,7
878,0
879,9
880,9
881,1
882,3
883,7
884,9
885,3
886,9
887,2
888,8
889,1
890,3
891,5
892,0
893,5
894,6
895,7
896,5
897,7
898,1
899,4
900,2
901,7
902,3
903,0
904,4
905,0
906,3
907,3
908,6
909,8
910,3
911,0
912,8
913,3
914,7
915,6
916,7
917,2
918,5
919,1
920,2
921,4
922,4
923,1
924,7
925,3
926,0
927,0
928,1
929,7
930,3
931,1
932,3
933,9
934,6
935,4
936,6
937,7
938,8
939,3
940,5
941,0
942,4
943,9
944,0
945,3
946,7
947,9
948,9
949,2
950,3
951,6
952,2
953,4
954,5
955,0
956,6
957,2
958,3
959,2
960,3
961,5
962,7
963,1
964,4
965,6
966,1
967,3
968,4
969,4
970,4
971,3
972,9
973,7
974,0
975,8
976,6
977,1
978,7
979,6
980,1
981,3
982,3
983,3
984,8
985,3
986,3
987,6
988,9
989,1
990,0
991,5
992,8
993,1
994,8
995,8
996,5
997,7
998,9
999,2
1000,1
1001,8
1002,4
1003,1
1004,6
1005,4
1006,8
1007,7
1008,6
1009,3
1010,6
1011,3
1012,1
1013,7
1014,9
1015,7
1016,8
1017,1
1018,4
1019,5
1020,4
1021,3
1022,7
1023,8
1024,8
1025,2
1026,3
1027,4
1028,9
1029,7
1030,5
1031,6
1032,0
1033,9
1034,2
1035,2
1036,8
1037,0
1038,3
1039,4
1040,0
1041,8
1042,4
1043,0
1044,3
1045,6
1046,3
1047,0
1048,3
1049,0
1050,2
1051,7
1052,6
1053,3
1054,7
1055,3
1056,2
1057,2
1058,1
1059,3
1060,3
1061,2
1062,5
1063,7
1064,1
1065,8
1066,5
1067,2
1068,3
1069,3
1070,0
1071,1
1072,1
1073,3
1074,3
1075,1
1076,3
1077,4
1078,9
1079,1
1080,3
1081,9
1082,4
1083,8
1084,9
1085,1
1086,6
1087,1
1088,5
1089,3
1090,3
1091,2
1092,1
1093,2
1094,3
1095,5
1096,9
1097,0
1098,4
1099,0
1100,2
1101,5
1102,2
1103,3
1104,9
1105,1
1106,1
1107,3
1108,6
1109,8
1110,2
1111,7
1112,0
1113,0
1114,3
1115,9
1116,1
1117,9
1118,4
1119,8
1120,9
1121,3
1122,4
1123,2
1124,2
1125,3
1126,7
1127,8
1128,2
1129,3
1130,3
1131,2
1132,3
1133,8
1134,6
1135,0
1136,5
1137,2
1138,4
1139,3
1140,8
1141,4
1142,8
1143,2
1144,7
1145,4
1146,4
1147,8
1148,8
1149,6
1150,3
1151,3
1152,2
1153,3
1154,3
1155,4
1156,8
1157,7
1158,4
1159,4
1160,6
1161,3
1162,0
1163,3
1164,3
1165,3
1166,9
1167,3
1168,4
1169,8
1170,3
1171,0
1172,6
1173,0
1174,9
1175,3
1176,9
1177,3
1178,0
1179,5
1180,3
1181,6
1182,9
1183,1
1184,2
1185,3
1186,6
1187,3
1188,6
1189,8
1190,4
1191,3
1192,0
1193,6
1194,1
1195,3
1196,6
1197,4
1198,3
1199,4
1200,4
1201,8
1202,4
1203,0
1204,7
1205,3
1206,7
1207,2
1208,9
1209,3
1210,2
1211,5
1212,3
1213,9
1214,4
1215,9
1216,2
1217,7
1218,0
1219,5
1220,6
1221,2
1222,9
1223,3
1224,1
1225,3
1226,4
1227,6
1228,4
1229,4
1230,5
1231,8
1232,2
1233,1
1234,9
1235,7
1236,9
1237,3
1238,3
1239,1
1240,9
1241,1
1242,4
1243,3
1244,1
1245,6
1246,1
1247,6
1248,1
1249,4
1250,2
1251,2
1252,6
1253,3
1254,1
1255,1
1256,5
1257,3
1258,3
1259,4
1260,0
1261,2
1262,3
1263,7
1264,7
1265,0
1266,7
1267,7
1268,8
1269,3
1270,3
1271,3
1272,3
1273,6
1274,7
1275,2
1276,4
1277,5
1278,7
1279,3
1280,9
1281,7
1282,9
1283,2
1284,7
1285,6
1286,7
1287,6
1288,7
1289,9
1290,8
1291,9
1292,4
1293,5
1294,7
1295,3
1296,4
1297,3
1298,0
1299,1
1300,3
1301,2
1302,8
1303,1
1304,8
1305,8
1306,8
1307,5
1308,3
1309,5
1310,4
1311,3
1312,8
1313,5
1314,7
1315,0
1316,3
1317,0
1318,1
1319,3
1320,3
1321,8
1322,0
1323,2
1324,0
1325,1
1326,3
1327,6
1328,6
1329,0
1330,6
1331,0
1332,6
1333,4
1334,9
1335,8
1336,7
1337,1
1338,3
1339,1
1340,9
1341,4
1342,4
1343,4
1344,9
1345,7
1346,3
1347,3
1348,6
1349,5
1350,2
1351,4
1352,6
1353,1
1354,7
1355,9
1356,3
1357,3
1358,4
1359,4
1360,6
1361,2
1362,0
1363,4
1364,3
1365,2
1366,3
1367,5
1368,8
1369,4
1370,6
1371,5
1372,7
1373,0
1374,6
1375,4
1376,3
1377,1
1378,4
1379,0
1380,0
1381,8
1382,4
1383,3
1384,2
1385,3
1386,7
1387,4
1388,7
1389,2
1390,0
1391,3
1392,7
1393,0
1394,2
1395,8
1396,1
1397,4
1398,7
1399,0
1400,7
1401,3
1402,4
1403,2
1404,9
1405,4
1406,0
1407,5
1408,8
1409,1
1410,3
1411,0
1412,1
1413,3
1414,1
1415,6
1416,0
1417,6
1418,5
1419,3
1420,0
1421,5
1422,3
1423,4
1424,2
1425,1
1426,7
1427,3
1428,0
1429,3
1430,8
1431,8
1432,5
1433,7
1434,1
1435,9
1436,6
1437,3
1438,0
1439,9
1440,5
1441,5
1442,0
1443,2
1444,0
1445,8
1446,3
1447,9
1448,2
1449,6
1450,3
1451,3
1452,1
1453,8
1454,1
1455,8
1456,4
1457,3
1458,5
1459,4
1460,5
1461,1
1462,6
1463,9
1464,0
1465,1
1466,9
1467,1
1468,0
1469,8
1470,3
1471,3
1472,3
1473,6
1474,3
1475,3
1476,5
1477,4
1478,1
1479,8
1480,0
1481,3
1482,3
1483,2
1484,8
1485,7
1486,0
1487,0
1488,0
1489,7
1490,8
1491,7
1492,4
1493,0
1494,9
1495,2
1496,0
1497,1
1498,6
1499,8
1500,8
1501,3
1502,6
1503,3
1504,5
1505,6
1506,0
1507,1
1508,0
1509,6
1510,4
1511,7
1512,3
1513,2
1514,9
1515,3
1516,4
1517,3
1518,2
1519,5
1520,8
1521,1
1522,0
1523,4
1524,8
1525,9
1526,3
1527,2
1528,1
1529,8
1530,5
1531,2
1532,4
1533,0
1534,3
1535,3
1536,9
1537,3
1538,2
1539,8
1540,2
1541,0
1542,6
1543,1
1544,9
1545,2
1546,2
1547,2
1548,7
1549,8
1550,7
1551,6
1552,4
1553,5
1554,5
1555,4
1556,9
1557,6
1558,6
1559,1
1560,1
1561,3
1562,4
1563,8
1564,3
1565,5
1566,7
1567,3
1568,9
1569,2
1570,3
1571,1
1572,4
1573,3
1574,0
1575,3
1576,3
1577,1
1578,3
1579,5
1580,4
1581,3
1582,2
1583,6
1584,2
1585,6
1586,7
1587,9
1588,0
1589,1
1590,9
1591,9
1592,2
1593,2
1594,9
1595,1
1596,0
1597,3
1598,3
1599,1
1600,0
1601,3
1602,4
1603,4
1604,3
1605,2
1606,1
1607,7
1608,7
1609,8
1610,3
1611,3
1612,3
1613,8
1614,7
1615,9
1616,6
1617,4
1618,7
1619,6
1620,9
1621,0
1622,7
1623,9
1624,8
1625,5
1626,4
1627,3
1628,7
1629,4
1630,9
1631,6
1632,3
1633,3
1634,1
1635,3
1636,9
1637,0
1638,1
1639,7
1640,4
1641,4
1642,6
1643,6
1644,3
1645,0
1646,9
1647,4
1648,3
1649,5
1650,0
1651,0
1652,6
1653,5
1654,0
1655,2
1656,5
1657,8
1658,9
1659,2
1660,6
1661,3
1662,2
1663,8
1664,5
1665,5
1666,0
1667,8
1668,8
1669,4
1670,5
1671,6
1672,3
1673,6
1674,2
1675,0
1676,7
1677,3
1678,0
1679,0
1680,6
1681,4
1682,9
1683,0
1684,0
1685,0
1686,2
1687,7
1688,3
1689,2
1690,0
1691,8
1692,6
1693,7
1694,2
1695,3
1696,5
1697,0
1698,8
1699,0
1700,6
1701,7
1702,5
1703,8
1704,6
1705,9
1706,2
1707,0
1708,4
1709,8
1710,7
1711,1
1712,0
1713,4
1714,8
1715,2
1716,8
1717,3
1718,1
1719,4
1720,2
1721,5
1722,2
1723,8
1724,3
1725,1
1726,3
1727,1
1728,9
1729,2
1730,2
1731,3
1732,6
1733,7
1734,7
1735,3
1736,2
1737,5
1738,3
1739,7
1740,3
1741,3
1742,8
1743,9
1744,6
1745,4
1746,4
1747,5
1748,9
1749,8
1750,8
1751,4
1752,4
1753,3
1754,7
1755,9
1756,6
1757,1
1758,5
1759,7
1760,0
1761,5
1762,2
1763,4
1764,3
1765,1
1766,0
1767,8
1768,2
1769,5
1770,7
1771,4
1772,0
1773,0
1774,4
1775,0
1776,3
1777,8
1778,3
1779,5
1780,6
1781,2
1782,9
1783,7
1784,5
1785,4
1786,0
1787,3
1788,3
1789,0
1790,9
1791,1
1792,5
1793,6
1794,8
1795,3
1796,6
1797,2
1798,0
1799,4
1800,6
1801,0
1802,6
1803,6
1804,3
1805,4
1806,7
1807,8
1808,1
1809,7
1810,0
1811,2
1812,3
1813,0
1814,4
1815,8
1816,0
1817,0
1818,4
1819,6
1820,9
1821,2
1822,1
1823,2
1824,3
1825,7
1826,8
1827,3
1828,9
1829,3
1830,2
1831,4
1832,9
1833,3
1834,0
1835,7
1836,5
1837,9
1838,9
1839,1
1840,8
1841,3
1842,7
1843,7
1844,9
1845,3
1846,1
1847,1
1848,3
1849,2
1850,6
1851,6
1852,6
1853,6
1854,3
1855,3
1856,2
1857,6
1858,8
1859,0
1860,8
1861,8
1862,6
1863,7
1864,0
1865,0
1866,3
1867,9
1868,5
1869,3
1870,3
1871,0
1872,2
1873,6
1874,2
1875,7
1876,2
1877,5
1878,7
1879,8
1880,9
1881,3
1882,9
1883,9
1884,4
1885,2
1886,6
1887,3
1888,0
1889,8
1890,9
1891,2
1892,1
1893,7
1894,1
1895,1
1896,9
1897,9
1898,3
1899,1
1900,3
1901,0
1902,4
1903,4
1904,3
1905,6
1906,3
1907,3
1908,2
1909,4
1910,3
1911,3
1912,2
1913,7
1914,7
1915,3
1916,4
1917,4
1918,8
1919,3
1920,5
1921,1
1922,2
1923,7
1924,0
1925,2
1926,5
1927,2
1928,9
1929,1
1930,2
1931,8
1932,5
1933,3
1934,0
1935,7
1936,8
1937,9
1938,9
1939,4
1940,2
1941,0
1942,2
1943,6
1944,4
1945,3
1946,2
1947,8
1948,8
1949,4
1950,9
1951,4
1952,1
1953,9
1954,0
1955,0
1956,2
1957,5
1958,0
1959,2
1960,2
1961,2
1962,2
1963,3
1964,8
1965,7
1966,2
1967,3
1968,2
1969,7
1970,3
1971,2
1972,6
1973,5
1974,6
1975,3
1976,2
1977,4
1978,5
1979,5
1980,0
1981,3
1982,5
1983,3
1984,1
1985,1
1986,6
1987,1
1988,3
1989,6
1990,4
1991,5
1992,5
1993,5
1994,8
1995,3
1996,7
1997,3
1998,8
1999,0
2000,0
2001,9
2002,8
2003,9
2004,1
2005,1
2006,6
2007,3
2008,2
2009,5
2010,2
2011,4
2012,4
2013,6
2014,3
2015,9
2016,9
2017,4
2018,5
2019,9
2020,7
2021,2
2022,2
2023,3
2024,7
2025,5
2026,3
2027,0
2028,3
2029,2
2030,1
2031,9
2032,9
2033,1
2034,6
2035,0
2036,7
2037,7
2038,7
2039,0
2040,4
2041,9
2042,9
2043,3
2044,0
2045,3
2046,3
2047,3
2048,2
2049,3
2050,5
2051,2
2052,1
2053,8
2054,3
2055,9
2056,7
2057,6
2058,5
2059,2
2060,5
2061,2
2062,2
2063,4
2064,4
2065,8
2066,3
2067,9
2068,3
2069,3
2070,0
2071,4
2072,1
2073,3
2074,9
2075,6
2076,1
2077,6
2078,9
2079,6
2080,4
2081,3
2082,7
2083,3
2084,3
2085,1
2086,9
2087,0
2088,0
2089,9
2090,7
2091,1
2092,9
2093,5
2094,4
2095,3
2096,3
2097,3
2098,2
2099,4
2100,6
2101,3
2102,9
2103,7
2104,3
2105,1
2106,4
2107,9
2108,8
2109,4
2110,9
2111,9
2112,3
2113,8
2114,4
2115,1
2116,4
2117,0
2118,2
2119,0
2120,2
2121,7
2122,6
2123,6
2124,3
2125,3
2126,5
2127,3
2128,3
2129,3
2130,2
2131,8
2132,6
2133,8
2134,0
2135,8
2136,6
2137,6
2138,3
2139,9
2140,8
2141,7
2142,6
2143,5
2144,2
2145,0
2146,2
2147,6
2148,2
2149,1
2150,4
2151,9
2152,1
2153,7
2154,8
2155,6
2156,1
2157,0
2158,1
2159,3
2160,2
2161,7
2162,4
2163,5
2164,1
2165,2
2166,0
2167,4
2168,1
2169,0
2170,7
2171,3
2172,8
2173,5
2174,9
2175,3
2176,5
2177,8
2178,8
2179,7
2180,6
2181,0
2182,3
2183,1
2184,3
2185,6
2186,7
2187,4
2188,5
2189,3
2190,9
2191,3
2192,1
2193,4
2194,3
2195,0
2196,3
2197,7
2198,9
2199,1
2200,9
2201,0
2202,2
2203,3
2204,0
2205,4
2206,3
2207,4
2208,6
2209,3
2210,5
2211,5
2212,1
2213,8
2214,3
2215,1
2216,3
2217,8
2218,2
2219,3
2220,4
2221,7
2222,3
2223,3
2224,0
2225,8
2226,4
2227,3
2228,3
2229,3
2230,4
2231,9
2232,3
2233,6
2234,6
2235,1
2236,8
2237,8
2238,7
2239,8
2240,6
2241,3
2242,3
2243,2
2244,2
2245,9
2246,4
2247,7
2248,9
2249,6
2250,7
2251,9
2252,3
2253,1
2254,5
2255,6
2256,6
2257,8
2258,7
2259,8
2260,9
2261,6
2262,4
2263,3
2264,6
2265,0
2266,3
2267,3
2268,3
2269,1
2270,1
2271,3
2272,9
2273,1
2274,3
2275,4
2276,7
2277,6
2278,3
2279,6
2280,2
2281,0
2282,3
2283,0
2284,8
2285,2
2286,6
2287,0
2288,9
2289,4
2290,5
2291,4
2292,0
2293,7
2294,7
2295,2
2296,1
2297,0
2298,3
2299,6
2300,9
2301,7
2302,5
2303,3
2304,6
2305,3
2306,7
2307,5
2308,0
2309,2
2310,6
2311,1
2312,9
2313,1
2314,3
2315,3
2316,9
2317,9
2318,4
2319,3
2320,9
2321,3
2322,9
2323,3
2324,8
2325,4
2326,0
2327,8
2328,7
2329,3
2330,3
2331,5
2332,2
2333,3
2334,0
2335,1
2336,3
2337,1
2338,6
2339,3
2340,6
2341,0
2342,1
2343,9
2344,0
2345,6
2346,4
2347,3
2348,2
2349,2
2350,6
2351,6
2352,0
2353,4
2354,6
2355,3
2356,3
2357,4
2358,6
2359,7
2360,4
2361,5
2362,2
2363,2
2364,9
2365,3
2366,6
2367,3
2368,6
2369,0
2370,4
2371,9
2372,7
2373,2
2374,7
2375,1
2376,4
2377,0
2378,3
2379,3
2380,2
2381,8
2382,0
2383,8
2384,0
2385,1
2386,7
2387,6
2388,8
2389,3
2390,1
2391,1
2392,3
2393,3
2394,2
2395,8
2396,9
2397,1
2398,0
2399,3
2400,4
2401,4
2402,8
2403,1
2404,5
2405,7
2406,9
2407,3
2408,0
2409,0
2410,3
2411,9
2412,0
2413,6
2414,0
2415,5
2416,7
2417,0
2418,9
2419,3
2420,2
2421,4
2422,5
2423,2
2424,3
2425,3
2426,9
2427,8
2428,1
2429,3
2430,8
2431,2
2432,4
2433,3
2434,9
2435,8
2436,0
2437,7
2438,6
2439,6
2440,5
2441,2
2442,2
2443,2
2444,0
2445,1
2446,0
2447,3
2448,7
2449,8
2450,8
2451,2
2452,0
2453,3
2454,0
2455,7
2456,9
2457,6
2458,4
2459,2
2460,4
2461,7
2462,8
2463,1
2464,7
2465,7
2466,9
2467,1
2468,6
2469,6
2470,8
2471,9
2472,9
2473,5
2474,9
2475,3
2476,6
2477,3
2478,2
2479,4
2480,9
2481,5
2482,3
2483,8
2484,3
2485,1
2486,3
2487,8
2488,3
2489,3
2490,4
2491,3
2492,8
2493,3
2494,3
2495,7
2496,9
2497,6
2498,3
2499,5
2500,2
2501,7
2502,8
2503,3
2504,6
2505,0
2506,1
2507,0
2508,4
2509,2
2510,2
2511,3
2512,3
2513,9
2514,6
2515,6
2516,3
2517,0
2518,7
2519,3
2520,1
2521,6
2522,3
2523,0
2524,6
2525,3
2526,0
2527,0
2528,7
2529,0
2530,6
2531,9
2532,1
2533,5
2534,6
2535,8
2536,6
2537,1
2538,9
2539,1
2540,8
2541,2
2542,5
2543,5
2544,7
2545,4
2546,4
2547,4
2548,0
2549,3
2550,7
2551,8
2552,0
2553,9
2554,5
2555,8
2556,0
2557,6
2558,0
2559,6
2560,5
2561,2
2562,9
2563,8
2564,4
2565,9
2566,0
2567,3
2568,7
2569,3
2570,7
2571,6
2572,9
2573,1
2574,4
2575,7
2576,1
2577,7
2578,8
2579,4
2580,8
2581,1
2582,4
2583,7
2584,1
2585,3
2586,0
2587,4
2588,5
2589,3
2590,2
2591,6
2592,3
2593,3
2594,3
2595,1
2596,7
2597,7
2598,5
2599,5
2600,6
2601,5
2602,9
2603,3
2604,9
2605,6
2606,6
2607,8
2608,4
2609,0
2610,4
2611,3
2612,5
2613,8
2614,9
2615,7
2616,3
2617,3
2618,9
2619,1
2620,8
2621,0
2622,7
2623,8
2624,3
2625,4
2626,8
2627,4
2628,2
2629,7
2630,5
2631,6
2632,5
2633,4
2634,6
2635,0
2636,3
2637,2
2638,0
2639,7
2640,7
2641,6
2642,8
2643,8
2644,3
2645,3
2646,5
2647,8
2648,8
2649,2
2650,8
2651,8
2652,4
2653,6
2654,6
2655,0
2656,9
2657,6
2658,2
2659,0
2660,5
2661,3
2662,7
2663,2
2664,1
2665,7
2666,9
2667,6
2668,8
2669,0
2670,7
2671,3
2672,4
2673,6
2674,8
2675,8
2676,7
2677,3
2678,8
2679,5
2680,3
2681,9
2682,3
2683,0
2684,2
2685,1
2686,2
2687,2
2688,0
2689,9
2690,2
2691,6
2692,1
2693,3
2694,3
2695,0
2696,3
2697,0
2698,4
2699,7
2700,8
2701,0
2702,4
2703,9
2704,1
2705,5
2706,6
2707,5
2708,2
2709,7
2710,5
2711,5
2712,4
2713,0
2714,5
2715,3
2716,9
2717,0
2718,4
2719,8
2720,8
2721,3
2722,1
2723,2
2724,9
2725,8
2726,5
2727,4
2728,3
2729,1
2730,7
2731,4
2732,3
2733,3
2734,5
2735,0
2736,1
2737,3
2738,1
2739,7
2740,3
2741,3
2742,2
2743,4
2744,1
2745,7
2746,0
2747,3
2748,7
2749,5
2750,6
2751,3
2752,9
2753,3
2754,3
2755,2
2756,4
2757,5
2758,1
2759,7
2760,7
2761,1
2762,2
2763,7
2764,8
2765,3
2766,5
2767,4
2768,6
2769,4
2770,7
2771,9
2772,2
2773,8
2774,2
2775,3
2776,0
2777,0
2778,1
2779,0
2780,8
2781,9
2782,3
2783,0
2784,2
2785,1
2786,4
2787,4
2788,9
2789,4
2790,6
2791,3
2792,0
2793,1
2794,8
2795,9
2796,9
2797,5
2798,0
2799,1
2800,4
2801,0
2802,9
2803,4
2804,6
2805,9
2806,2
2807,0
2808,4
2809,1
2810,2
2811,0
2812,0
2813,3
2814,4
2815,8
2816,3
2817,4
2818,9
2819,2
2820,2
2821,8
2822,3
2823,8
2824,3
2825,9
2826,9
2827,4
2828,1
2829,0
2830,4
2831,0
2832,8
2833,3
2834,2
2835,6
2836,2
2837,8
2838,6
2839,3
2840,6
2841,5
2842,2
2843,6
2844,6
2845,2
2846,4
2847,1
2848,8
2849,4
2850,3
2851,2
2852,1
2853,7
2854,8
2855,2
2856,7
2857,8
2858,6
2859,0
2860,1
2861,7
2862,5
2863,2
2864,7
2865,3
2866,3
2867,0
2868,3
2869,7
2870,3
2871,7
2872,2
2873,3
2874,4
2875,5
2876,5
2877,5
2878,8
2879,9
2880,2
2881,9
2882,6
2883,9
2884,2
2885,2
2886,1
2887,7
2888,5
2889,2
2890,8
2891,2
2892,3
2893,8
2894,6
2895,3
2896,3
2897,3
2898,5
2899,4
2900,4
2901,1
2902,7
2903,9
2904,2
2905,0
2906,4
2907,6
2908,1
2909,0
2910,5
2911,2
2912,5
2913,2
2914,9
2915,5
2916,0
2917,1
2918,6
2919,3
2920,9
2921,1
2922,5
2923,8
2924,5
2925,1
2926,6
2927,3
2928,6
2929,0
2930,2
2931,0
2932,8
2933,2
2934,3
2935,2
2936,3
2937,8
2938,4
2939,0
2940,5
2941,4
2942,3
2943,7
2944,6
2945,2
2946,9
2947,3
2948,6
2949,4
2950,0
2951,3
2952,4
2953,0
2954,2
2955,8
2956,1
2957,3
2958,6
2959,9
2960,8
2961,9
2962,3
2963,1
2964,8
2965,5
2966,3
2967,7
2968,8
2969,9
2970,7
2971,5
2972,9
2973,4
2974,1
2975,2
2976,2
2977,9
2978,3
2979,8
2980,2
2981,3
2982,0
2983,3
2984,3
2985,0
2986,0
2987,6
2988,6
2989,6
2990,1
2991,3
2992,6
2993,5
2994,7
2995,9
2996,6
2997,0
2998,1
2999,1
3000,1
3001,9
3002,2
3003,2
3004,7
3005,3
3006,6
3007,7
3008,3
3009,4
3010,2
3011,3
3012,3
3013,2
3014,5
3015,0
3016,2
3017,3
3018,2
3019,8
3020,9
3021,4
3022,2
3023,1
3024,2
3025,1
3026,4
3027,7
3028,7
3029,7
3030,4
3031,3
3032,7
3033,9
3034,3
3035,0
3036,8
3037,3
3038,7
3039,7
3040,8
3041,7
3042,1
3043,4
3044,3
3045,7
3046,7
3047,3
3048,4
3049,0
3050,7
3051,6
3052,3
3053,9
3054,6
3055,9
3056,8
3057,4
3058,3
3059,7
3060,2
3061,5
3062,8
3063,4
3064,6
3065,4
3066,4
3067,4
3068,2
3069,8
3070,5
3071,9
3072,3
3073,7
3074,1
3075,1
3076,2
3077,1
3078,2
3079,5
3080,6
3081,6
3082,0
3083,5
3084,1
3085,4
3086,8
3087,0
3088,6
3089,9
3090,8
3091,3
3092,6
3093,9
3094,6
3095,9
3096,5
3097,3
3098,5
3099,0
3100,9
3101,3
3102,5
3103,3
3104,4
3105,3
3106,9
3107,3
3108,8
3109,0
3110,3
3111,1
3112,3
3113,3
3114,0
3115,5
3116,3
3117,9
3118,6
3119,3
3120,6
3121,3
3122,2
3123,0
3124,3
3125,8
3126,7
3127,1
3128,3
3129,0
3130,0
3131,3
3132,3
3133,4
3134,4
3135,3
3136,4
3137,1
3138,6
3139,5
3140,2
3141,4
3142,3
3143,6
3144,7
3145,9
3146,2
3147,3
3148,2
3149,9
3150,1
3151,0
3152,2
3153,5
3154,4
3155,0
3156,6
3157,6
3158,1
3159,8
3160,4
3161,0
3162,4
3163,1
3164,1
3165,1
3166,3
3167,3
3168,4
3169,6
3170,6
3171,3
3172,8
3173,9
3174,7
3175,4
3176,6
3177,2
3178,3
3179,6
3180,4
3181,6
3182,8
3183,3
3184,2
3185,1
3186,3
3187,9
3188,8
3189,1
3190,3
3191,3
3192,8
3193,1
3194,5
3195,4
3196,5
3197,1
3198,0
3199,1
3200,3
3201,7
3202,1
3203,9
3204,3
3205,0
3206,2
3207,2
3208,3
3209,4
3210,5
3211,9
3212,9
3213,8
3214,9
3215,4
3216,4
3217,0
3218,2
3219,9
3220,9
3221,3
3222,9
3223,8
3224,7
3225,2
3226,3
3227,1
3228,8
3229,6
3230,2
3231,3
3232,3
3233,2
3234,2
3235,3
3236,3
3237,6
3238,3
3239,7
3240,9
3241,1
3242,8
3243,6
3244,9
3245,0
3246,4
3247,1
3248,8
3249,1
3250,7
3251,7
3252,8
3253,1
3254,8
3255,0
3256,9
3257,2
3258,6
3259,1
3260,9
3261,3
3262,9
3263,6
3264,1
3265,6
3266,0
3267,0
3268,1
3269,6
3270,6
3271,0
3272,3
3273,3
3274,3
3275,5
3276,8
3277,5
3278,6
3279,7
3280,4
3281,9
3282,5
3283,4
3284,3
3285,3
3286,7
3287,2
3288,0
3289,9
3290,0
3291,2
3292,2
3293,1
3294,6
3295,9
3296,7
3297,9
3298,5
3299,3
3300,1
3301,3
3302,7
3303,0
3304,2
3305,7
3306,8
3307,8
3308,5
3309,9
3310,3
3311,7
3312,3
3313,2
3314,2
3315,3
3316,8
3317,9
3318,4
3319,7
3320,6
3321,1
3322,2
3323,0
3324,5
3325,4
3326,3
3327,8
3328,3
3329,7
3330,1
3331,4
3332,4
3333,0
3334,7
3335,3
3336,3
3337,8
3338,2
3339,0
3340,7
3341,7
3342,4
3343,3
3344,4
3345,6
3346,3
3347,1
3348,0
3349,0
3350,8
3351,1
3352,1
3353,9
3354,5
3355,0
3356,0
3357,3
3358,3
3359,8
3360,8
3361,4
3362,3
3363,0
3364,0
3365,2
3366,9
3367,3
3368,1
3369,7
3370,8
3371,5
3372,0
3373,8
3374,1
3375,9
3376,3
3377,9
3378,0
3379,4
3380,9
3381,0
3382,6
3383,7
3384,4
3385,3
3386,9
3387,3
3388,3
3389,1
3390,7
3391,0
3392,3
3393,7
3394,1
3395,4
3396,3
3397,7
3398,4
3399,6
3400,4
3401,8
3402,3
3403,2
3404,4
3405,3
3406,9
3407,0
3408,6
3409,9
3410,0
3411,5
3412,6
3413,3
3414,2
3415,2
3416,3
3417,6
3418,8
3419,0
3420,3
3421,2
3422,8
3423,0
3424,0
3425,4
3426,3
3427,4
3428,0
3429,9
3430,8
3431,4
3432,0
3433,6
3434,8
3435,9
3436,3
3437,2
3438,0
3439,7
3440,1
3441,0
3442,8
3443,0
3444,8
3445,1
3446,0
3447,8
3448,6
3449,3
3450,5
3451,1
3452,0
3453,2
3454,6
3455,3
3456,1
3457,7
3458,8
3459,6
3460,2
3461,1
3462,6
3463,9
3464,9
3465,4
3466,7
3467,7
3468,3
3469,1
3470,3
3471,9
3472,4
3473,2
3474,8
3475,9
3476,1
3477,8
3478,1
3479,4
3480,3
3481,0
3482,4
3483,6
3484,0
3485,6
3486,0
3487,4
3488,3
3489,6
3490,7
3491,8
3492,5
3493,3
3494,8
3495,9
3496,9
3497,7
3498,3
3499,0
3500,4
3501,7
3502,5
3503,7
3504,0
3505,3
3506,2
3507,3
3508,2
3509,5
3510,4
3511,9
3512,2
3513,4
3514,1
3515,1
3516,6
3517,9
3518,1
3519,9
3520,0
3521,2
3522,3
3523,8
3524,1
3525,1
3526,3
3527,4
3528,3
3529,2
3530,9
3531,2
3532,8
3533,3
3534,9
3535,5
3536,3
3537,3
3538,8
3539,3
3540,0
3541,8
3542,6
3543,4
3544,5
3545,4
3546,3
3547,6
3548,5
3549,0
3550,3
3551,5
3552,2
3553,5
3554,3
3555,2
3556,9
3557,6
3558,0
3559,6
3560,2
3561,8
3562,4
3563,1
3564,7
3565,5
3566,8
3567,1
3568,6
3569,4
3570,7
3571,3
3572,0
3573,6
3574,7
3575,7
3576,9
3577,7
3578,3
3579,2
3580,2
3581,3
3582,3
3583,0
3584,8
3585,8
3586,2
3587,6
3588,1
3589,9
3590,5
3591,9
3592,3
3593,2
3594,7
3595,8
3596,5
3597,9
3598,3
3599,0
3600,7
3601,2
3602,6
3603,6
3604,6
3605,3
3606,7
3607,2
3608,9
3609,0
3610,0
3611,2
3612,3
3613,2
3614,7
3615,0
3616,6
3617,6
3618,2
3619,6
3620,3
3621,0
3622,4
3623,1
3624,9
3625,5
3626,9
3627,5
3628,3
3629,3
3630,3
3631,2
3632,6
3633,2
3634,6
3635,3
3636,8
3637,7
3638,3
3639,9
3640,5
3641,3
3642,2
3643,7
3644,8
3645,2
3646,3
3647,8
3648,1
3649,0
3650,6
3651,6
3652,6
3653,1
3654,3
3655,9
3656,0
3657,1
3658,3
3659,1
3660,8
3661,3
3662,4
3663,4
3664,0
3665,3
3666,7
3667,6
3668,7
3669,3
3670,8
3671,7
3672,6
3673,1
3674,7
3675,7
3676,6
3677,3
3678,3
3679,5
3680,9
3681,3
3682,1
3683,9
3684,4
3685,9
3686,8
3687,2
3688,2
3689,4
3690,2
3691,6
3692,1
3693,0
3694,7
3695,3
3696,7
3697,6
3698,6
3699,8
3700,6
3701,7
3702,5
3703,3
3704,1
3705,6
3706,2
3707,8
3708,2
3709,7
3710,8
3711,0
3712,3
3713,3
3714,5
3715,3
3716,7
3717,3
3718,2
3719,5
3720,3
3721,8
3722,7
3723,6
3724,2
3725,3
3726,3
3727,2
3728,5
3729,3
3730,4
3731,2
3732,2
3733,1
3734,4
3735,7
3736,6
3737,4
3738,7
3739,2
3740,3
3741,3
3742,2
3743,4
3744,5
3745,8
3746,8
3747,7
3748,2
3749,4
3750,0
3751,3
3752,7
3753,9
3754,7
3755,3
3756,1
3757,1
3758,3
3759,3
3760,3
3761,4
3762,1
3763,3
3764,2
3765,3
3766,4
3767,0
3768,3
3769,2
3770,3
3771,3
3772,3
3773,3
3774,3
3775,6
3776,1
3777,6
3778,1
3779,8
3780,8
3781,4
3782,1
3783,2
3784,7
3785,7
3786,9
3787,0
3788,0
3789,2
3790,5
3791,1
3792,2
3793,5
3794,1
3795,6
3796,3
3797,2
3798,2
3799,3
3800,4
3801,0
3802,8
3803,3
3804,1
3805,0
3806,5
3807,3
3808,0
3809,5
3810,3
3811,9
3812,3
3813,2
3814,8
3815,4
3816,0
3817,2
3818,0
3819,2
3820,3
3821,3
3822,0
3823,1
3824,2
3825,3
3826,8
3827,6
3828,6
3829,2
3830,1
3831,4
3832,3
3833,1
3834,1
3835,9
3836,7
3837,0
3838,0
3839,7
3840,1
3841,0
3842,0
3843,4
3844,5
3845,2
3846,0
3847,0
3848,7
3849,2
3850,7
3851,4
3852,0
3853,4
3854,0
3855,1
3856,5
3857,0
3858,3
3859,9
3860,0
3861,9
3862,7
3863,7
3864,3
3865,8
3866,0
3867,2
3868,3
3869,0
3870,3
3871,9
3872,6
3873,0
3874,7
3875,3
3876,7
3877,5
3878,0
3879,8
3880,3
3881,0
3882,1
3883,9
3884,8
3885,1
3886,0
3887,7
3888,0
3889,3
3890,0
3891,5
3892,5
3893,8
3894,1
3895,0
3896,4
3897,8
3898,2
3899,3
3900,0
3901,3
3902,1
3903,9
3904,5
3905,4
3906,4
3907,9
3908,0
3909,7
3910,7
3911,7
3912,3
3913,0
3914,4
3915,0
3916,3
3917,5
3918,2
3919,1
3920,8
3921,4
3922,3
3923,3
3924,5
3925,3
3926,3
3927,3
3928,6
3929,5
3930,9
3931,3
3932,8
3933,3
3934,1
3935,4
3936,0
3937,5
3938,1
3939,1
3940,6
3941,5
3942,3
3943,6
3944,1
3945,3
3946,1
3947,1
3948,2
3949,7
3950,4
3951,2
3952,3
3953,3
3954,3
3955,2
3956,8
3957,9
3958,7
3959,3
3960,8
3961,3
3962,3
3963,5
3964,9
3965,5
3966,2
3967,1
3968,6
3969,8
3970,3
3971,4
3972,2
3973,8
3974,8
3975,9
3976,0
3977,3
3978,2
3979,6
3980,2
3981,2
3982,4
3983,6
3984,1
3985,8
3986,6
3987,0
3988,0
3989,5
3990,5
3991,3
3992,1
3993,4
3994,1
3995,1
3996,3
3997,2
3998,6
3999,0
4000,0
4001,3
4002,2
4003,0
4004,6
4005,5
4006,8
4007,5
4008,2
4009,2
4010,8
4011,6
4012,9
4013,2
4014,3
4015,0
4016,0
4017,1
4018,3
4019,2
4020,7
4021,2
4022,2
4023,3
4024,7
4025,2
4026,0
4027,7
4028,1
4029,8
4030,8
4031,3
4032,1
4033,8
4034,1
4035,8
4036,6
4037,4
4038,3
4039,5
4040,8
4041,4
4042,3
4043,3
4044,6
4045,3
4046,4
4047,6
4048,0
4049,5
4050,6
4051,5
4052,4
4053,4
4054,2
4055,3
4056,4
4057,8
4058,3
4059,4
4060,6
4061,3
4062,1
4063,5
4064,7
4065,3
4066,0
4067,4
4068,4
4069,8
4070,3
4071,8
4072,4
4073,2
4074,3
4075,6
4076,3
4077,8
4078,4
4079,5
4080,8
4081,9
4082,0
4083,9
4084,3
4085,4
4086,5
4087,0
4088,8
4089,4
4090,5
4091,9
4092,3
4093,4
4094,8
4095,3
4096,0
4097,9
4098,3
4099,7
4100,4
4101,3
4102,3
4103,2
4104,3
4105,2
4106,1
4107,8
4108,8
4109,3
4110,3
4111,0
4112,0
4113,3
4114,8
4115,3
4116,3
4117,3
4118,1
4119,2
4120,3
4121,7
4122,3
4123,6
4124,9
4125,1
4126,7
4127,7
4128,9
4129,0
4130,6
4131,6
4132,4
4133,1
4134,5
4135,6
4136,9
4137,4
4138,0
4139,0
4140,6
4141,6
4142,9
4143,7
4144,1
4145,6
4146,5
4147,0
4148,6
4149,8
4150,8
4151,3
4152,1
4153,9
4154,3
4155,3
4156,0
4157,4
4158,3
4159,2
4160,5
4161,1
4162,7
4163,0
4164,2
4165,5
4166,6
4167,5
4168,9
4169,9
4170,2
4171,5
4172,3
4173,3
4174,5
4175,1
4176,7
4177,3
4178,1
4179,9
4180,4
4181,4
4182,3
4183,0
4184,8
4185,6
4186,8
4187,4
4188,3
4189,5
4190,0
4191,9
4192,3
4193,2
4194,6
4195,9
4196,7
4197,6
4198,1
4199,3
4200,4
4201,4
4202,1
4203,0
4204,4
4205,6
4206,6
4207,3
4208,0
4209,8
4210,8
4211,1
4212,5
4213,4
4214,3
4215,4
4216,9
4217,6
4218,4
4219,2
4220,4
4221,3
4222,4
4223,9
4224,4
4225,0
4226,0
4227,4
4228,0
4229,2
4230,6
4231,9
4232,9
4233,0
4234,6
4235,0
4236,0
4237,9
4238,9
4239,0
4240,4
4241,8
4242,2
4243,4
4244,0
4245,8
4246,7
4247,3
4248,8
4249,4
4250,6
4251,4
4252,6
4253,7
4254,2
4255,5
4256,5
4257,7
4258,0
4259,1
4260,4
4261,7
4262,0
4263,3
4264,4
4265,2
4266,0
4267,5
4268,0
4269,1
4270,6
4271,3
4272,8
4273,4
4274,0
4275,3
4276,6
4277,2
4278,7
4279,4
4280,8
4281,6
4282,8
4283,3
4284,3
4285,2
4286,8
4287,3
4288,9
4289,2
4290,5
4291,9
4292,6
4293,8
4294,7
4295,9
4296,4
4297,1
4298,4
4299,4
4300,0
4301,5
4302,1
4303,0
4304,7
4305,0
4306,3
4307,3
4308,1
4309,4
4310,1
4311,4
4312,2
4313,8
4314,9
4315,8
4316,1
4317,0
4318,3
4319,1
4320,0
4321,3
4322,2
4323,3
4324,4
4325,3
4326,1
4327,3
4328,3
4329,9
4330,6
4331,9
4332,4
4333,4
4334,9
4335,6
4336,6
4337,8
4338,0
4339,2
4340,4
4341,6
4342,2
4343,6
4344,7
4345,1
4346,0
4347,8
4348,8
4349,0
4350,2
4351,9
4352,1
4353,3
4354,1
4355,5
4356,3
4357,3
4358,1
4359,0
4360,8
4361,9
4362,7
4363,1
4364,9
4365,9
4366,9
4367,7
4368,9
4369,1
4370,1
4371,9
4372,3
4373,7
4374,9
4375,0
4376,1
4377,0
4378,4
4379,1
4380,4
4381,7
4382,8
4383,6
4384,0
4385,2
4386,8
4387,8
4388,4
4389,8
4390,1
4391,3
4392,3
4393,0
4394,8
4395,3
4396,3
4397,3
4398,2
4399,5
4400,2
4401,4
4402,4
4403,3
4404,3
4405,3
4406,9
4407,2
4408,7
4409,8
4410,3
4411,0
4412,2
4413,4
4414,6
4415,3
4416,8
4417,5
4418,1
4419,9
4420,8
4421,6
4422,7
4423,0
4424,7
4425,6
4426,8
4427,0
4428,9
4429,2
4430,7
4431,2
4432,0
4433,3
4434,3
4435,3
4436,4
4437,9
4438,9
4439,9
4440,8
4441,0
4442,9
4443,8
4444,1
4445,5
4446,3
4447,9
4448,2
4449,2
4450,9
4451,3
4452,3
4453,8
4454,8
4455,0
4456,7
4457,8
4458,2
4459,6
4460,6
4461,8
4462,3
4463,8
4464,2
4465,4
4466,9
4467,2
4468,7
4469,9
4470,7
4471,9
4472,8
4473,8
4474,3
4475,4
4476,6
4477,6
4478,3
4479,3
4480,1
4481,9
4482,9
4483,8
4484,8
4485,2
4486,2
4487,1
4488,2
4489,6
4490,4
4491,4
4492,4
4493,8
4494,0
4495,8
4496,8
4497,0
4498,3
4499,7
4500,9
4501,3
4502,1
4503,7
4504,6
4505,3
4506,7
4507,4
4508,8
4509,5
4510,3
4511,9
4512,3
4513,5
4514,5
4515,3
4516,2
4517,3
4518,8
4519,1
4520,3
4521,4
4522,4
4523,9
4524,6
4525,9
4526,6
4527,3
4528,5
4529,2
4530,8
4531,1
4532,4
4533,3
4534,7
4535,7
4536,3
4537,3
4538,0
4539,6
4540,4
4541,0
4542,0
4543,9
4544,6
4545,9
4546,3
4547,5
4548,9
4549,8
4550,2
4551,4
4552,8
4553,2
4554,1
4555,1
4556,1
4557,6
4558,2
4559,0
4560,9
4561,9
4562,6
4563,3
4564,7
4565,0
4566,2
4567,1
4568,7
4569,0
4570,7
4571,3
4572,0
4573,9
4574,9
4575,3
4576,3
4577,2
4578,2
4579,8
4580,5
4581,0
4582,3
4583,0
4584,3
4585,4
4586,6
4587,4
4588,2
4589,3
4590,5
4591,4
4592,5
4593,8
4594,4
4595,1
4596,4
4597,7
4598,8
4599,3
4600,2
4601,3
4602,0
4603,4
4604,7
4605,4
4606,0
4607,2
4608,6
4609,6
4610,0
4611,2
4612,3
4613,6
4614,1
4615,0
4616,4
4617,0
4618,6
4619,4
4620,1
4621,8
4622,0
4623,3
4624,3
4625,2
4626,8
4627,8
4628,9
4629,6
4630,4
4631,2
4632,3
4633,8
4634,3
4635,3
4636,2
4637,6
4638,9
4639,8
4640,1
4641,3
4642,8
4643,0
4644,3
4645,0
4646,9
4647,8
4648,9
4649,6
4650,9
4651,6
4652,0
4653,2
4654,3
4655,0
4656,0
4657,1
4658,0
4659,2
4660,3
4661,4
4662,3
4663,3
4664,3
4665,5
4666,7
4667,0
4668,0
4669,1
4670,6
4671,9
4672,1
4673,0
4674,8
4675,1
4676,3
4677,1
4678,4
4679,6
4680,7
4681,3
4682,4
4683,9
4684,0
4685,7
4686,3
4687,4
4688,3
4689,2
4690,8
4691,9
4692,7
4693,4
4694,7
4695,1
4696,0
4697,3
4698,3
4699,1
4700,7
4701,3
4702,7
4703,6
4704,0
4705,9
4706,2
4707,7
4708,0
4709,1
4710,9
4711,8
4712,4
4713,9
4714,9
4715,3
4716,8
4717,8
4718,2
4719,0
4720,8
4721,5
4722,9
4723,5
4724,5
4725,2
4726,0
4727,8
4728,4
4729,4
4730,0
4731,9
4732,8
4733,3
4734,3
4735,7
4736,2
4737,4
4738,4
4739,1
4740,0
4741,6
4742,6
4743,2
4744,1
4745,3
4746,9
4747,0
4748,0
4749,7
4750,5
4751,2
4752,9
4753,4
4754,2
4755,4
4756,5
4757,5
4758,4
4759,8
4760,9
4761,3
4762,9
4763,2
4764,7
4765,3
4766,3
4767,3
4768,9
4769,0
4770,3
4771,3
4772,9
4773,0
4774,0
4775,1
4776,5
4777,0
4778,4
4779,2
4780,3
4781,4
4782,9
4783,7
4784,8
4785,1
4786,3
4787,7
4788,7
4789,7
4790,1
4791,9
4792,8
4793,7
4794,8
4795,1
4796,4
4797,8
4798,0
4799,2
4800,4
4801,3
4802,9
4803,8
4804,2
4805,6
4806,3
4807,6
4808,0
4809,8
4810,0
4811,6
4812,2
4813,9
4814,3
4815,8
4816,1
4817,7
4818,4
4819,4
4820,6
4821,9
4822,2
4823,3
4824,1
4825,8
4826,1
4827,3
4828,6
4829,3
4830,8
4831,9
4832,4
4833,7
4834,0
4835,1
4836,1
4837,5
4838,3
4839,3
4840,8
4841,9
4842,4
4843,8
4844,1
4845,3
4846,6
4847,7
4848,3
4849,3
4850,2
4851,7
4852,8
4853,0
4854,9
4855,4
4856,7
4857,0
4858,5
4859,2
4860,3
4861,1
4862,9
4863,9
4864,0
4865,4
4866,9
4867,9
4868,0
4869,4
4870,3
4871,0
4872,2
4873,0
4874,5
4875,2
4876,6
4877,3
4878,2
4879,9
4880,8
4881,9
4882,3
4883,9
4884,0
4885,9
4886,5
4887,4
4888,3
4889,0
4890,0
4891,9
4892,8
4893,7
4894,3
4895,6
4896,3
4897,2
4898,3
4899,3
4900,3
4901,8
4902,9
4903,5
4904,4
4905,3
4906,1
4907,0
4908,6
4909,1
4910,6
4911,0
4912,2
4913,3
4914,4
4915,4
4916,9
4917,2
4918,3
4919,5
4920,3
4921,4
4922,3
4923,7
4924,7
4925,5
4926,0
4927,3
4928,0
4929,8
4930,7
4931,7
4932,3
4933,5
4934,3
4935,2
4936,6
4937,1
4938,5
4939,9
4940,4
4941,0
4942,1
4943,9
4944,3
4945,3
4946,8
4947,6
4948,5
4949,1
4950,9
4951,7
4952,4
4953,3
4954,4
4955,2
4956,4
4957,3
4958,1
4959,0
4960,9
4961,3
4962,2
4963,5
4964,9
4965,3
4966,3
4967,4
4968,7
4969,7
4970,8
4971,3
4972,6
4973,6
4974,2
4975,7
4976,0
4977,3
4978,0
4979,4
4980,2
4981,5
4982,9
4983,3
4984,7
4985,3
4986,5
4987,8
4988,7
4989,7
4990,4
4991,5
4992,8
4993,2
4994,3
4995,9
4996,2
4997,4
4998,1
4999,5
5000,9
5001,4
5002,3
5003,4
5004,4
5005,9
5006,3
5007,3
5008,7
5009,6
5010,7
5011,8
5012,5
5013,6
5014,3
5015,7
5016,8
5017,0
5018,2
5019,3
5020,4
5021,2
5022,3
5023,9
5024,4
5025,0
5026,0
5027,3
5028,3
5029,0
5030,9
5031,1
5032,4
5033,4
5034,6
5035,6
5036,7
5037,8
5038,2
5039,0
5040,8
5041,9
5042,9
5043,9
5044,6
5045,0
5046,4
5047,3
5048,9
5049,5
5050,8
5051,5
5052,7
5053,8
5054,1
5055,4
5056,9
5057,3
5058,3
5059,8
5060,0
5061,1
5062,0
5063,9
5064,3
5065,3
5066,4
5067,8
5068,3
5069,0
5070,3
5071,3
5072,6
5073,5
5074,3
5075,3
5076,4
5077,0
5078,6
5079,6
5080,3
5081,1
5082,3
5083,3
5084,5
5085,6
5086,1
5087,3
5088,2
5089,7
5090,3
5091,5
5092,3
5093,4
5094,3
5095,3
5096,4
5097,3
5098,5
5099,2
5100,8
5101,0
5102,6
5103,4
5104,7
5105,9
5106,9
5107,0
5108,8
5109,3
5110,7
5111,7
5112,0
5113,4
5114,5
5115,5
5116,0
5117,4
5118,1
5119,3
5120,9
5121,7
5122,9
5123,7
5124,0
5125,3
5126,9
5127,0
5128,0
5129,3
5130,9
5131,6
5132,4
5133,3
5134,3
5135,2
5136,7
5137,0
5138,2
5139,5
5140,7
5141,0
5142,8
5143,6
5144,1
5145,0
5146,1
5147,3
5148,3
5149,9
5150,6
5151,1
5152,4
5153,4
5154,6
5155,3
5156,3
5157,3
5158,5
5159,4
5160,4
5161,4
5162,4
5163,2
5164,7
5165,1
5166,3
5167,1
5168,4
5169,3
5170,1
5171,6
5172,3
5173,6
5174,7
5175,2
5176,6
5177,6
5178,4
5179,6
5180,3
5181,7
5182,5
5183,6
5184,5
5185,5
5186,2
5187,0
5188,3
5189,3
5190,2
5191,9
5192,0
5193,3
5194,9
5195,8
5196,3
5197,6
5198,8
5199,2
5200,3
5201,2
5202,1
5203,4
5204,8
5205,9
5206,7
5207,7
5208,9
5209,5
5210,4
5211,8
5212,2
5213,7
5214,6
5215,1
5216,8
5217,3
5218,6
5219,8
5220,9
5221,5
5222,8
5223,1
5224,7
5225,1
5226,8
5227,8
5228,4
5229,7
5230,4
5231,0
5232,6
5233,1
5234,4
5235,7
5236,6
5237,1
5238,2
5239,6
5240,3
5241,3
5242,3
5243,8
5244,9
5245,1
5246,7
5247,1
5248,6
5249,7
5250,5
5251,2
5252,4
5253,7
5254,3
5255,6
5256,3
5257,5
5258,3
5259,2
5260,6
5261,9
5262,7
5263,6
5264,3
5265,7
5266,4
5267,3
5268,8
5269,6
5270,8
5271,8
5272,1
5273,0
5274,3
5275,8
5276,1
5277,7
5278,2
5279,2
5280,4
5281,5
5282,9
5283,6
5284,6
5285,3
5286,5
5287,3
5288,8
5289,0
5290,3
5291,3
5292,6
5293,3
5294,2
5295,7
5296,8
5297,9
5298,3
5299,1
5300,3
5301,8
5302,4
5303,7
5304,6
5305,9
5306,2
5307,1
5308,1
5309,3
5310,1
5311,7
5312,9
5313,7
5314,3
5315,9
5316,3
5317,9
5318,5
5319,7
5320,6
5321,4
5322,3
5323,3
5324,1
5325,6
5326,8
5327,1
5328,7
5329,8
5330,4
5331,0
5332,1
5333,3
5334,2
5335,7
5336,3
5337,6
5338,7
5339,6
5340,7
5341,6
5342,8
5343,6
5344,8
5345,3
5346,8
5347,8
5348,0
5349,9
5350,3
5351,4
5352,8
5353,3
5354,3
5355,8
5356,9
5357,8
5358,4
5359,4
5360,3
5361,8
5362,4
5363,4
5364,3
5365,0
5366,5
5367,3
5368,4
5369,3
5370,4
5371,0
5372,0
5373,8
5374,5
5375,6
5376,1
5377,5
5378,3
5379,4
5380,4
5381,5
5382,3
5383,6
5384,4
5385,6
5386,4
5387,2
5388,3
5389,5
5390,7
5391,8
5392,1
5393,1
5394,1
5395,7
5396,3
5397,0
5398,7
5399,3
5400,3
5401,8
5402,8
5403,9
5404,9
5405,6
5406,9
5407,3
5408,3
5409,3
5410,4
5411,5
5412,3
5413,1
5414,0
5415,0
5416,3
5417,6
5418,5
5419,4
5420,8
5421,5
5422,4
5423,4
5424,5
5425,2
5426,6
5427,6
5428,6
5429,5
5430,4
5431,4
5432,6
5433,2
5434,3
5435,7
5436,9
5437,6
5438,9
5439,6
5440,3
5441,9
5442,3
5443,8
5444,6
5445,2
5446,8
5447,6
5448,0
5449,1
5450,9
5451,4
5452,5
5453,3
5454,9
5455,7
5456,7
5457,6
5458,3
5459,3
5460,2
5461,8
5462,3
5463,9
5464,3
5465,3
5466,8
5467,4
5468,5
5469,3
5470,0
5471,5
5472,4
5473,2
5474,3
5475,3
5476,7
5477,2
5478,3
5479,4
5480,0
5481,9
5482,6
5483,1
5484,4
5485,2
5486,7
5487,8
5488,3
5489,3
5490,3
5491,4
5492,9
5493,6
5494,8
5495,5
5496,4
5497,6
5498,6
5499,1
5500,3
5501,0
5502,1
5503,0
5504,9
5505,9
5506,8
5507,6
5508,9
5509,1
5510,8
5511,8
5512,0
5513,0
5514,8
5515,6
5516,5
5517,0
5518,8
5519,3
5520,1
5521,4
5522,0
5523,6
5524,6
5525,9
5526,3
5527,9
5528,7
5529,3
5530,3
5531,2
5532,8
5533,2
5534,7
5535,4
5536,2
5537,1
5538,9
5539,7
5540,8
5541,5
5542,8
5543,0
5544,0
5545,2
5546,0
5547,0
5548,1
5549,4
5550,7
5551,3
5552,9
5553,6
5554,3
5555,1
5556,3
5557,7
5558,3
5559,3
5560,8
5561,5
5562,9
5563,6
5564,2
5565,3
5566,1
5567,6
5568,1
5569,9
5570,4
5571,3
5572,6
5573,4
5574,0
5575,6
5576,6
5577,8
5578,4
5579,8
5580,0
5581,6
5582,2
5583,4
5584,3
5585,4
5586,2
5587,6
5588,8
5589,5
5590,9
5591,1
5592,6
5593,0
5594,5
5595,3
5596,7
5597,5
5598,3
5599,4
5600,0
5601,6
5602,4
5603,0
5604,7
5605,1
5606,5
5607,7
5608,3
5609,1
5610,4
5611,0
5612,8
5613,9
5614,7
5615,1
5616,3
5617,0
5618,3
5619,6
5620,5
5621,3
5622,3
5623,2
5624,3
5625,3
5626,8
5627,8
5628,1
5629,0
5630,8
5631,8
5632,6
5633,2
5634,9
5635,1
5636,6
5637,6
5638,3
5639,8
5640,7
5641,2
5642,0
5643,1
5644,1
5645,7
5646,7
5647,8
5648,3
5649,6
5650,3
5651,3
5652,7
5653,2
5654,9
5655,8
5656,8
5657,7
5658,5
5659,8
5660,9
5661,3
5662,3
5663,7
5664,7
5665,4
5666,9
5667,1
5668,0
5669,0
5670,3
5671,2
5672,6
5673,0
5674,1
5675,2
5676,9
5677,3
5678,9
5679,1
5680,1
5681,7
5682,6
5683,9
5684,8
5685,4
5686,8
5687,3
5688,9
5689,0
5690,7
5691,3
5692,7
5693,3
5694,6
5695,2
5696,9
5697,4
5698,3
5699,2
5700,6
5701,3
5702,6
5703,3
5704,9
5705,3
5706,4
5707,1
5708,4
5709,6
5710,1
5711,0
5712,6
5713,9
5714,8
5715,1
5716,9
5717,3
5718,3
5719,0
5720,4
5721,5
5722,7
5723,2
5724,1
5725,3
5726,1
5727,5
5728,3
5729,3
5730,8
5731,6
5732,2
5733,7
5734,3
5735,5
5736,2
5737,9
5738,4
5739,1
5740,7
5741,7
5742,2
5743,9
5744,2
5745,3
5746,0
5747,5
5748,7
5749,2
5750,6
5751,4
5752,4
5753,2
5754,1
5755,1
5756,4
5757,5
5758,0
5759,6
5760,0
5761,3
5762,3
5763,9
5764,2
5765,7
5766,4
5767,1
5768,3
5769,1
5770,1
5771,2
5772,6
5773,3
5774,4
5775,3
5776,2
5777,1
5778,4
5779,1
5780,3
5781,5
5782,4
5783,1
5784,1
5785,6
5786,1
5787,8
5788,2
5789,8
5790,5
5791,2
5792,6
5793,2
5794,3
5795,8
5796,5
5797,0
5798,3
5799,7
5800,7
5801,7
5802,8
5803,9
5804,3
5805,2
5806,0
5807,5
5808,2
5809,0
5810,3
5811,8
5812,1
5813,7
5814,9
5815,2
5816,3
5817,4
5818,0
5819,5
5820,1
5821,0
5822,7
5823,1
5824,7
5825,2
5826,8
5827,6
5828,6
5829,7
5830,8
5831,3
5832,9
5833,9
5834,8
5835,5
5836,8
5837,1
5838,8
5839,3
5840,5
5841,0
5842,2
5843,7
5844,6
5845,9
5846,2
5847,3
5848,9
5849,2
5850,0
5851,4
5852,5
5853,7
5854,3
5855,3
5856,6
5857,9
5858,8
5859,3
5860,3
5861,3
5862,6
5863,8
5864,9
5865,6
5866,9
5867,9
5868,6
5869,1
5870,9
5871,0
5872,3
5873,6
5874,5
5875,7
5876,4
5877,6
5878,4
5879,6
5880,4
5881,2
5882,4
5883,6
5884,6
5885,2
5886,6
5887,8
5888,0
5889,3
5890,2
5891,1
5892,1
5893,9
5894,2
5895,9
5896,3
5897,2
5898,9
5899,3
5900,8
5901,1
5902,4
5903,3
5904,0
5905,7
5906,5
5907,4
5908,6
5909,8
5910,3
5911,3
5912,2
5913,7
5914,9
5915,3
5916,7
5917,0
5918,6
5919,3
5920,4
5921,4
5922,3
5923,0
5924,1
5925,6
5926,3
5927,3
5928,3
5929,6
5930,8
5931,4
5932,4
5933,4
5934,3
5935,3
5936,5
5937,3
5938,8
5939,7
5940,3
5941,2
5942,5
5943,6
5944,2
5945,0
5946,1
5947,9
5948,6
5949,3
5950,3
5951,5
5952,8
5953,2
5954,3
5955,0
5956,4
5957,3
5958,4
5959,0
5960,3
5961,1
5962,2
5963,6
5964,2
5965,0
5966,1
5967,4
5968,3
5969,5
5970,1
5971,2
5972,3
5973,1
5974,2
5975,7
5976,3
5977,3
5978,3
5979,3
5980,3
5981,9
5982,2
5983,8
5984,2
5985,6
5986,2
5987,3
5988,3
5989,6
5990,8
5991,4
5992,6
5993,3
5994,2
5995,8
5996,9
5997,5
5998,3
5999,5
6000,3
6001,4
6002,0
6003,3
6004,7
6005,6
6006,1
6007,0
6008,5
6009,5
6010,5
6011,8
6012,6
6013,0
6014,3
6015,2
6016,7
6017,3
6018,8
6019,6
6020,1
6021,0
6022,0
6023,7
6024,8
6025,1
6026,4
6027,3
6028,3
6029,3
6030,7
6031,1
6032,3
6033,8
6034,8
6035,4
6036,1
6037,5
6038,8
6039,4
6040,3
6041,4
6042,7
6043,9
6044,6
6045,6
6046,6
6047,1
6048,4
6049,6
6050,0
6051,7
6052,3
6053,7
6054,9
6055,1
6056,8
6057,7
6058,6
6059,4
6060,3
6061,5
6062,9
6063,0
6064,0
6065,9
6066,0
6067,1
6068,1
6069,3
6070,7
6071,4
6072,0
6073,0
6074,3
6075,1
6076,0
6077,1
6078,2
6079,4
6080,3
6081,2
6082,2
6083,7
6084,8
6085,3
6086,9
6087,6
6088,8
6089,3
6090,0
6091,3
6092,5
6093,6
6094,7
6095,6
6096,4
6097,3
6098,8
6099,9
6100,3
6101,2
6102,7
6103,9
6104,4
6105,2
6106,3
6107,8
6108,1
6109,9
6110,3
6111,0
6112,5
6113,0
6114,3
6115,8
6116,9
6117,5
6118,4
6119,8
6120,1
6121,0
6122,1
6123,0
6124,1
6125,2
6126,3
6127,4
6128,3
6129,6
6130,8
6131,4
6132,7
6133,2
6134,8
6135,2
6136,5
6137,2
6138,1
6139,0
6140,3
6141,2
6142,3
6143,4
6144,9
6145,3
6146,9
6147,8
6148,3
6149,1
6150,1
6151,8
6152,7
6153,3
6154,0
6155,7
6156,5
6157,9
6158,5
6159,1
6160,9
6161,0
6162,3
6163,9
6164,8
6165,0
6166,4
6167,2
6168,4
6169,3
6170,9
6171,6
6172,9
6173,0
6174,3
6175,1
6176,1
6177,3
6178,3
6179,3
6180,9
6181,3
6182,0
6183,3
6184,3
6185,6
6186,2
6187,9
6188,8
6189,7
6190,1
6191,3
6192,9
6193,8
6194,1
6195,6
6196,4
6197,7
6198,3
6199,8
6200,2
6201,3
6202,0
6203,0
6204,3
6205,7
6206,3
6207,7
6208,6
6209,0
6210,1
6211,9
6212,3
6213,0
6214,8
6215,3
6216,9
6217,9
6218,4
6219,5
6220,4
6221,0
6222,2
6223,0
6224,1
6225,3
6226,6
6227,9
6228,7
6229,5
6230,1
6231,7
6232,6
6233,9
6234,9
6235,1
6236,9
6237,3
6238,4
6239,6
6240,1
6241,0
6242,1
6243,9
6244,6
6245,9
6246,8
6247,6
6248,2
6249,3
6250,6
6251,3
6252,8
6253,9
6254,3
6255,9
6256,9
6257,0
6258,7
6259,3
6260,2
6261,3
6262,5
6263,2
6264,2
6265,9
6266,1
6267,3
6268,3
6269,9
6270,8
6271,1
6272,4
6273,8
6274,2
6275,0
6276,2
6277,7
6278,3
6279,6
6280,4
6281,9
6282,3
6283,8
6284,3
6285,2
6286,3
6287,3
6288,6
6289,6
6290,0
6291,3
6292,5
6293,7
6294,7
6295,8
6296,3
6297,6
6298,6
6299,8
6300,8
6301,5
6302,9
6303,0
6304,4
6305,1
6306,4
6307,4
6308,8
6309,6
6310,6
6311,1
6312,1
6313,1
6314,3
6315,1
6316,3
6317,3
6318,9
6319,6
6320,8
6321,0
6322,4
6323,6
6324,3
6325,9
6326,8
6327,3
6328,7
6329,3
6330,6
6331,8
6332,2
6333,6
6334,6
6335,6
6336,1
6337,2
6338,8
6339,9
6340,7
6341,4
6342,3
6343,1
6344,0
6345,4
6346,9
6347,9
6348,7
6349,5
6350,3
6351,7
6352,2
6353,3
6354,0
6355,6
6356,5
6357,6
6358,4
6359,1
6360,7
6361,7
6362,1
6363,9
6364,4
6365,0
6366,6
6367,3
6368,1
6369,0
6370,4
6371,3
6372,0
6373,1
6374,3
6375,0
6376,9
6377,9
6378,1
6379,1
6380,0
6381,0
6382,3
6383,9
6384,6
6385,1
6386,5
6387,0
6388,8
6389,0
6390,6
6391,7
6392,3
6393,2
6394,0
6395,2
6396,6
6397,7
6398,7
6399,4
6400,1
6401,4
6402,7
6403,4
6404,0
6405,1
6406,1
6407,3
6408,2
6409,5
6410,9
6411,8
6412,1
6413,1
6414,7
6415,1
6416,7
6417,0
6418,4
6419,1
6420,2
6421,6
6422,1
6423,3
6424,9
6425,8
6426,2
6427,0
6428,2
6429,6
6430,7
6431,0
6432,4
6433,3
6434,9
6435,6
6436,1
6437,4
6438,7
6439,4
6440,4
6441,6
6442,1
6443,0
6444,9
6445,5
6446,3
6447,2
6448,7
6449,2
6450,8
6451,2
6452,3
6453,3
6454,7
6455,8
6456,0
6457,6
6458,0
6459,8
6460,4
6461,6
6462,8
6463,9
6464,0
6465,8
6466,4
6467,5
6468,4
6469,1
6470,7
6471,6
6472,3
6473,5
6474,6
6475,0
6476,7
6477,3
6478,3
6479,3
6480,0
6481,1
6482,2
6483,0
6484,8
6485,9
6486,6
6487,7
6488,3
6489,0
6490,1
6491,0
6492,1
6493,8
6494,9
6495,3
6496,6
6497,0
6498,1
6499,6
6500,2
6501,0
6502,3
6503,8
6504,6
6505,6
6506,3
6507,3
6508,3
6509,0
6510,7
6511,4
6512,8
6513,9
6514,4
6515,1
6516,4
6517,8
6518,3
6519,8
6520,1
6521,2
6522,4
6523,1
6524,0
6525,7
6526,6
6527,0
6528,7
6529,4
6530,2
6531,3
6532,3
6533,5
6534,9
6535,8
6536,3
6537,5
6538,4
6539,4
6540,8
6541,0
6542,4
6543,6
6544,0
6545,3
6546,3
6547,2
6548,3
6549,1
6550,6
6551,8
6552,7
6553,1
6554,8
6555,7
6556,1
6557,5
6558,1
6559,9
6560,2
6561,9
6562,5
6563,4
6564,8
6565,4
6566,3
6567,9
6568,5
6569,7
6570,0
6571,7
6572,0
6573,4
6574,3
6575,1
6576,7
6577,8
6578,7
6579,3
6580,7
6581,2
6582,7
6583,3
6584,1
6585,7
6586,2
6587,2
6588,3
6589,6
6590,3
6591,1
6592,4
6593,9
6594,5
6595,1
6596,0
6597,0
6598,4
6599,5
6600,1
6601,7
6602,0
6603,2
6604,4
6605,4
6606,1
6607,4
6608,7
6609,7
6610,3
6611,7
6612,7
6613,3
6614,7
6615,3
6616,0
6617,4
6618,2
6619,0
6620,2
6621,4
6622,7
6623,2
6624,1
6625,2
6626,9
6627,4
6628,5
6629,5
6630,6
6631,2
6632,2
6633,9
6634,9
6635,1
6636,2
6637,3
6638,0
6639,3
6640,6
6641,0
6642,3
6643,1
6644,7
6645,6
6646,3
6647,5
6648,3
6649,3
6650,0
6651,6
6652,2
6653,7
6654,7
6655,2
6656,0
6657,7
6658,6
6659,6
6660,9
6661,4
6662,1
6663,4
6664,0
6665,8
6666,2
6667,7
6668,1
6669,1
6670,7
6671,3
6672,3
6673,1
6674,6
6675,8
6676,6
6677,3
6678,3
6679,5
6680,7
6681,3
6682,8
6683,0
6684,5
6685,5
6686,9
6687,9
6688,8
6689,3
6690,9
6691,7
6692,1
6693,5
6694,4
6695,6
6696,6
6697,9
6698,8
6699,6
6700,4
6701,6
6702,7
6703,9
6704,3
6705,9
6706,3
6707,3
6708,6
6709,3
6710,9
6711,0
6712,7
6713,1
6714,0
6715,8
6716,9
6717,4
6718,8
6719,0
6720,7
6721,4
6722,2
6723,9
6724,3
6725,6
6726,3
6727,1
6728,2
6729,4
6730,3
6731,0
6732,1
6733,3
6734,1
6735,0
6736,1
6737,0
6738,7
6739,9
6740,9
6741,7
6742,8
6743,3
6744,5
6745,3
6746,3
6747,3
6748,5
6749,1
6750,4
6751,0
6752,3
6753,9
6754,7
6755,4
6756,3
6757,4
6758,0
6759,7
6760,1
6761,3
6762,8
6763,3
6764,6
6765,5
6766,6
6767,8
6768,5
6769,0
6770,8
6771,1
6772,7
6773,0
6774,8
6775,3
6776,8
6777,4
6778,1
6779,8
6780,0
6781,4
6782,8
6783,8
6784,0
6785,1
6786,1
6787,9
6788,9
6789,3
6790,0
6791,2
6792,3
6793,3
6794,8
6795,0
6796,4
6797,7
6798,5
6799,3
6800,3
6801,3
6802,6
6803,7
6804,2
6805,3
6806,3
6807,4
6808,4
6809,8
6810,8
6811,3
6812,9
6813,4
6814,4
6815,4
6816,5
6817,4
6818,4
6819,0
6820,4
6821,9
6822,1
6823,7
6824,6
6825,4
6826,4
6827,9
6828,3
6829,2
6830,2
6831,3
6832,9
6833,3
6834,8
6835,8
6836,4
6837,4
6838,3
6839,2
6840,6
6841,9
6842,5
6843,0
6844,4
6845,1
6846,7
6847,4
6848,3
6849,4
6850,1
6851,6
6852,9
6853,6
6854,0
6855,5
6856,7
6857,3
6858,3
6859,1
6860,3
6861,6
6862,5
6863,3
6864,1
6865,4
6866,9
6867,3
6868,4
6869,7
6870,6
6871,6
6872,2
6873,8
6874,4
6875,6
6876,3
6877,3
6878,9
6879,8
6880,4
6881,0
6882,3
6883,7
6884,3
6885,8
6886,3
6887,2
6888,1
6889,7
6890,9
6891,1
6892,2
6893,4
6894,2
6895,9
6896,4
6897,2
6898,5
6899,3
6900,4
6901,8
6902,3
6903,1
6904,1
6905,7
6906,1
6907,3
6908,0
6909,3
6910,3
6911,7
6912,3
6913,0
6914,4
6915,3
6916,1
6917,3
6918,8
6919,9
6920,1
6921,7
6922,9
6923,0
6924,1
6925,3
6926,3
6927,0
6928,0
6929,7
6930,1
6931,1
6932,0
6933,0
6934,9
6935,3
6936,8
6937,5
6938,7
6939,5
6940,8
6941,2
6942,4
6943,7
6944,3
6945,5
6946,6
6947,6
6948,0
6949,8
6950,8
6951,2
6952,2
6953,3
6954,3
6955,4
6956,9
6957,7
6958,9
6959,0
6960,5
6961,4
6962,7
6963,9
6964,6
6965,0
6966,2
6967,0
6968,4
6969,1
6970,7
6971,2
6972,0
6973,7
6974,2
6975,2
6976,7
6977,3
6978,2
6979,9
6980,3
6981,0
6982,2
6983,4
6984,1
6985,7
6986,2
6987,3
6988,3
6989,6
6990,3
6991,4
6992,8
6993,1
6994,8
6995,4
6996,8
6997,1
6998,1
6999,8
7000,9
7001,0
7002,4
7003,5
7004,9
7005,1
7006,7
7007,4
7008,5
7009,2
7010,7
7011,3
7012,3
7013,9
7014,9
7015,1
7016,1
7017,2
7018,8
7019,3
7020,5
7021,8
7022,3
7023,3
7024,8
7025,0
7026,8
7027,7
7028,9
7029,1
7030,3
7031,3
7032,8
7033,0
7034,0
7035,9
7036,4
7037,0
7038,3
7039,5
7040,3
7041,1
7042,0
7043,0
7044,8
7045,9
7046,8
7047,6
7048,9
7049,3
7050,7
7051,2
7052,0
7053,5
7054,3
7055,8
7056,4
7057,1
7058,3
7059,7
7060,0
7061,3
7062,9
7063,3
7064,3
7065,9
7066,3
7067,0
7068,4
7069,0
7070,6
7071,4
7072,3
7073,6
7074,7
7075,2
7076,3
7077,5
7078,7
7079,1
7080,2
7081,3
7082,6
7083,5
7084,2
7085,9
7086,5
7087,8
7088,9
7089,3
7090,4
7091,8
7092,6
7093,3
7094,7
7095,7
7096,1
7097,6
7098,7
7099,8
7100,1
7101,4
7102,1
7103,1
7104,0
7105,3
7106,9
7107,4
7108,1
7109,8
7110,3
7111,9
7112,5
7113,0
7114,1
7115,5
7116,4
7117,2
7118,9
7119,2
7120,6
7121,2
7122,5
7123,6
7124,9
7125,1
7126,5
7127,3
7128,9
7129,0
7130,6
7131,3
7132,0
7133,6
7134,7
7135,6
7136,6
7137,9
7138,3
7139,9
7140,2
7141,0
7142,0
7143,1
7144,7
7145,4
7146,5
7147,0
7148,3
7149,3
7150,3
7151,9
7152,1
7153,5
7154,6
7155,0
7156,2
7157,9
7158,1
7159,3
7160,2
7161,3
7162,9
7163,1
7164,1
7165,2
7166,0
7167,4
7168,3
7169,6
7170,6
7171,3
7172,4
7173,2
7174,6
7175,7
7176,1
7177,3
7178,1
7179,1
7180,0
7181,9
7182,8
7183,2
7184,8
7185,6
7186,3
7187,4
7188,4
7189,8
7190,3
7191,1
7192,7
7193,3
7194,3
7195,3
7196,3
7197,3
7198,4
7199,5
7200,2
7201,9
7202,8
7203,5
7204,2
7205,3
7206,6
7207,7
7208,8
7209,4
7210,1
7211,8
7212,3
7213,6
7214,3
7215,2
7216,9
7217,6
7218,0
7219,4
7220,4
7221,2
7222,6
7223,3
7224,3
7225,3
7226,9
7227,9
7228,9
7229,0
7230,2
7231,4
7232,8
7233,7
7234,4
7235,0
7236,8
7237,8
7238,6
7239,8
7240,6
7241,2
7242,5
7243,8
7244,6
7245,3
7246,9
7247,7
7248,6
7249,8
7250,3
7251,7
7252,3
7253,6
7254,5
7255,4
7256,0
7257,3
7258,2
7259,1
7260,3
7261,0
7262,4
7263,5
7264,5
7265,3
7266,3
7267,1
7268,8
7269,2
7270,0
7271,8
7272,3
7273,1
7274,2
7275,3
7276,2
7277,5
7278,1
7279,9
7280,9
7281,5
7282,8
7283,9
7284,3
7285,3
7286,4
7287,4
7288,7
7289,3
7290,6
7291,7
7292,4
7293,0
7294,4
7295,1
7296,9
7297,0
7298,2
7299,0
7300,3
7301,6
7302,9
7303,4
7304,4
7305,4
7306,3
7307,0
7308,6
7309,3
7310,6
7311,9
7312,0
7313,7
7314,5
7315,6
7316,3
7317,8
7318,0
7319,3
7320,7
7321,1
7322,5
7323,3
7324,3
7325,8
7326,5
7327,7
7328,7
7329,3
7330,3
7331,2
7332,3
7333,0
7334,1
7335,9
7336,0
7337,2
7338,4
7339,5
7340,7
7341,8
7342,1
7343,2
7344,8
7345,0
7346,9
7347,4
7348,1
7349,4
7350,2
7351,3
7352,3
7353,6
7354,3
7355,9
7356,8
7357,5
7358,7
7359,4
7360,3
7361,3
7362,0
7363,4
7364,5
7365,1
7366,7
7367,1
7368,5
7369,3
7370,0
7371,6
7372,6
7373,8
7374,8
7375,8
7376,3
7377,6
7378,1
7379,5
7380,9
7381,8
7382,3
7383,1
7384,8
7385,5
7386,1
7387,6
7388,8
7389,3
7390,0
7391,8
7392,4
7393,0
7394,5
7395,3
7396,6
7397,9
7398,4
7399,7
7400,2
7401,8
7402,8
7403,3
7404,3
7405,7
7406,4
7407,4
7408,4
7409,8
7410,7
7411,7
7412,7
7413,6
7414,2
7415,4
7416,8
7417,3
7418,3
7419,0
7420,2
7421,3
7422,9
7423,7
7424,3
7425,0
7426,0
7427,4
7428,4
7429,8
7430,8
7431,0
7432,6
7433,3
7434,3
7435,4
7436,5
7437,3
7438,4
7439,1
7440,4
7441,8
7442,2
7443,7
7444,7
7445,4
7446,3
7447,3
7448,4
7449,4
7450,2
7451,4
7452,2
7453,4
7454,8
7455,1
7456,5
7457,3
7458,3
7459,8
7460,3
7461,0
7462,3
7463,2
7464,9
7465,3
7466,7
7467,3
7468,8
7469,3
7470,2
7471,7
7472,6
7473,3
7474,9
7475,4
7476,3
7477,3
7478,3
7479,8
7480,1
7481,7
7482,6
7483,3
7484,9
7485,8
7486,9
7487,0
7488,8
7489,1
7490,4
7491,9
7492,6
7493,0
7494,7
7495,6
7496,1
7497,7
7498,2
7499,9
7500,3
7501,9
7502,0
7503,8
7504,6
7505,0
7506,1
7507,6
7508,9
7509,8
7510,5
7511,4
7512,9
7513,0
7514,2
7515,9
7516,3
7517,3
7518,9
7519,1
7520,5
7521,2
7522,9
7523,3
7524,6
7525,0
7526,4
7527,4
7528,4
7529,1
7530,5
7531,6
7532,7
7533,3
7534,9
7535,4
7536,2
7537,8
7538,0
7539,2
7540,6
7541,1
7542,0
7543,5
7544,7
7545,3
7546,9
7547,7
7548,8
7549,2
7550,1
7551,3
7552,9
7553,9
7554,9
7555,2
7556,6
7557,6
7558,0
7559,2
7560,3
7561,1
7562,6
7563,2
7564,3
7565,8
7566,1
7567,0
7568,2
7569,1
7570,2
7571,4
7572,2
7573,3
7574,6
7575,4
7576,4
7577,4
7578,2
7579,2
7580,3
7581,1
7582,2
7583,1
7584,4
7585,0
7586,9
7587,4
7588,2
7589,4
7590,0
7591,4
7592,2
7593,4
7594,1
7595,4
7596,3
7597,7
7598,2
7599,8
7600,6
7601,7
7602,9
7603,1
7604,9
7605,1
7606,1
7607,9
7608,4
7609,3
7610,0
7611,1
7612,3
7613,0
7614,3
7615,5
7616,1
7617,4
7618,5
7619,1
7620,1
7621,1
7622,1
7623,0
7624,8
7625,7
7626,3
7627,4
7628,5
7629,4
7630,3
7631,8
7632,3
7633,7
7634,3
7635,9
7636,3
7637,0
7638,1
7639,7
7640,8
7641,1
7642,3
7643,2
7644,2
7645,4
7646,6
7647,1
7648,1
7649,6
7650,3
7651,9
7652,7
7653,3
7654,3
7655,7
7656,3
7657,2
7658,9
7659,3
7660,0
7661,4
7662,0
7663,0
7664,9
7665,8
7666,2
7667,7
7668,3
7669,2
7670,8
7671,5
7672,3
7673,3
7674,9
7675,3
7676,0
7677,8
7678,7
7679,3
7680,1
7681,4
7682,2
7683,4
7684,2
7685,5
7686,1
7687,1
7688,9
7689,0
7690,3
7691,3
7692,2
7693,6
7694,0
7695,2
7696,3
7697,8
7698,1
7699,5
7700,2
7701,3
7702,3
7703,4
7704,4
7705,3
7706,2
7707,3
7708,2
7709,8
7710,6
7711,6
7712,3
7713,4
7714,1
7715,3
7716,3
7717,0
7718,4
7719,3
7720,4
7721,0
7722,0
7723,4
7724,2
7725,9
7726,0
7727,9
7728,2
7729,3
7730,7
7731,3
7732,7
7733,7
7734,3
7735,2
7736,0
7737,5
7738,2
7739,9
7740,2
7741,3
7742,3
7743,1
7744,6
7745,4
7746,6
7747,9
7748,3
7749,2
7750,1
7751,0
7752,0
7753,3
7754,1
7755,8
7756,7
7757,7
7758,1
7759,6
7760,9
7761,5
7762,4
7763,9
7764,1
7765,4
7766,7
7767,9
7768,3
7769,2
7770,1
7771,3
7772,6
7773,3
7774,7
7775,1
7776,2
7777,1
7778,4
7779,8
7780,3
7781,0
7782,1
7783,8
7784,2
7785,5
7786,9
7787,6
7788,3
7789,0
7790,4
7791,9
7792,0
7793,3
7794,0
7795,9
7796,3
7797,3
7798,4
7799,3
7800,8
7801,8
7802,0
7803,3
7804,7
7805,4
7806,9
7807,9
7808,3
7809,7
7810,3
7811,4
7812,3
7813,0
7814,1
7815,5
7816,9
7817,6
7818,1
7819,0
7820,8
7821,9
7822,2
7823,8
7824,6
7825,3
7826,3
7827,7
7828,3
7829,3
7830,2
7831,3
7832,6
7833,6
7834,6
7835,4
7836,4
7837,5
7838,8
7839,7
7840,3
7841,6
7842,2
7843,3
7844,5
7845,3
7846,5
7847,4
7848,7
7849,3
7850,3
7851,8
7852,8
7853,4
7854,3
7855,0
7856,5
7857,8
7858,1
7859,5
7860,1
7861,4
7862,2
7863,1
7864,8
7865,0
7866,4
7867,2
7868,6
7869,0
7870,6
7871,4
7872,2
7873,8
7874,2
7875,3
7876,1
7877,7
7878,0
7879,7
7880,3
7881,0
7882,2
7883,9
7884,0
7885,3
7886,8
7887,3
7888,1
7889,2
7890,1
7891,2
7892,8
7893,0
7894,9
7895,6
7896,1
7897,8
7898,7
7899,8
7900,2
7901,2
7902,1
7903,8
7904,2
7905,0
7906,8
7907,8
7908,6
7909,3
7910,9
7911,8
7912,1
7913,3
7914,4
7915,2
7916,5
7917,9
7918,1
7919,8
7920,4
7921,3
7922,1
7923,3
7924,5
7925,4
7926,1
7927,4
7928,2
7929,8
7930,0
7931,5
7932,0
7933,3
7934,7
7935,8
7936,3
7937,3
7938,4
7939,8
7940,8
7941,5
7942,9
7943,4
7944,0
7945,5
7946,8
7947,9
7948,1
7949,2
7950,0
7951,4
7952,6
7953,1
7954,3
7955,2
7956,0
7957,0
7958,0
7959,2
7960,7
7961,8
7962,1
7963,5
7964,1
7965,8
7966,9
7967,3
7968,0
7969,2
7970,6
7971,9
7972,6
7973,9
7974,3
7975,5
7976,6
7977,2
7978,8
7979,3
7980,3
7981,3
7982,4
7983,7
7984,2
7985,2
7986,4
7987,8
7988,8
7989,2
7990,3
7991,2
7992,6
7993,3
7994,1
7995,2
7996,6
7997,1
7998,2
7999,0
8000,8
8001,3
8002,8
8003,6
8004,1
8005,9
8006,9
8007,6
8008,4
8009,0
8010,5
8011,4
8012,3
8013,5
8014,2
8015,0
8016,0
8017,0
8018,3
8019,0
8020,1
8021,6
8022,9
8023,3
8024,1
8025,5
8026,3
8027,1
8028,4
8029,0
8030,8
8031,0
8032,6
8033,4
8034,4
8035,9
8036,8
8037,0
8038,3
8039,3
8040,4
8041,1
8042,7
8043,5
8044,3
8045,9
8046,5
8047,4
8048,0
8049,8
8050,5
8051,8
8052,1
8053,5
8054,2
8055,0
8056,3
8057,1
8058,1
8059,4
8060,4
8061,3
8062,4
8063,5
8064,3
8065,2
8066,3
8067,7
8068,2
8069,9
8070,9
8071,3
8072,7
8073,8
8074,4
8075,9
8076,9
8077,2
8078,1
8079,6
8080,3
8081,5
8082,7
8083,0
8084,5
8085,3
8086,1
8087,0
8088,8
8089,3
8090,4
8091,6
8092,4
8093,4
8094,3
8095,6
8096,5
8097,4
8098,5
8099,8
8100,4
8101,3
8102,8
8103,3
8104,3
8105,9
8106,6
8107,6
8108,2
8109,5
8110,9
8111,4
8112,6
8113,3
8114,4
8115,8
8116,5
8117,9
8118,3
8119,8
8120,9
8121,2
8122,9
8123,6
8124,0
8125,2
8126,9
8127,9
8128,3
8129,7
8130,4
8131,8
8132,5
8133,9
8134,9
8135,3
8136,4
8137,4
8138,1
8139,3
8140,3
8141,7
8142,7
8143,2
8144,4
8145,0
8146,8
8147,5
8148,7
8149,7
8150,7
8151,6
8152,4
8153,0
8154,6
8155,1
8156,3
8157,4
8158,9
8159,8
8160,3
8161,3
8162,0
8163,4
8164,1
8165,0
8166,3
8167,2
8168,3
8169,0
8170,6
8171,0
8172,0
8173,5
8174,3
8175,0
8176,0
8177,5
8178,6
8179,6
8180,8
8181,4
8182,9
8183,2
8184,4
8185,0
8186,2
8187,3
8188,2
8189,5
8190,3
8191,3
8192,4
8193,8
8194,3
8195,8
8196,9
8197,1
8198,3
8199,0
8200,6
8201,1
8202,4
8203,0
8204,2
8205,4
8206,8
8207,2
8208,0
8209,6
8210,8
8211,6
8212,4
8213,6
8214,5
8215,4
8216,5
8217,6
8218,6
8219,0
8220,4
8221,6
8222,5
8223,7
8224,6
8225,9
8226,0
8227,4
8228,1
8229,2
8230,9
8231,3
8232,5
8233,9
8234,0
8235,3
8236,6
8237,5
8238,2
8239,9
8240,2
8241,7
8242,9
8243,6
8244,4
8245,3
8246,7
8247,0
8248,0
8249,2
8250,2
8251,7
8252,6
8253,1
8254,3
8255,4
8256,8
8257,6
8258,2
8259,8
8260,6
8261,4
8262,3
8263,6
8264,6
8265,8
8266,3
8267,6
8268,8
8269,2
8270,8
8271,0
8272,6
8273,3
8274,3
8275,4
8276,5
8277,8
8278,5
8279,4
8280,4
8281,5
8282,8
8283,2
8284,7
8285,2
8286,3
8287,7
8288,8
8289,3
8290,0
8291,4
8292,6
8293,0
8294,2
8295,9
8296,4
8297,3
8298,3
8299,5
8300,7
8301,2
8302,0
8303,0
8304,5
8305,1
8306,7
8307,4
8308,4
8309,3
8310,3
8311,0
8312,0
8313,1
8314,9
8315,7
8316,0
8317,8
8318,9
8319,7
8320,9
8321,4
8322,8
8323,8
8324,1
8325,2
8326,9
8327,0
8328,3
8329,7
8330,1
8331,1
8332,0
8333,9
8334,2
8335,4
8336,4
8337,3
8338,7
8339,2
8340,2
8341,9
8342,8
8343,8
8344,2
8345,8
8346,7
8347,2
8348,7
8349,3
8350,7
8351,5
8352,2
8353,4
8354,5
8355,0
8356,0
8357,3
8358,3
8359,4
8360,5
8361,0
8362,1
8363,8
8364,5
8365,7
8366,4
8367,8
8368,0
8369,4
8370,0
8371,1
8372,2
8373,2
8374,3
8375,3
8376,7
8377,9
8378,9
8379,3
8380,3
8381,3
8382,1
8383,3
8384,3
8385,5
8386,8
8387,9
8388,2
8389,8
8390,5
8391,2
8392,0
8393,1
8394,0
8395,6
8396,3
8397,7
8398,7
8399,3
8400,3
8401,5
8402,5
8403,2
8404,0
8405,1
8406,1
8407,7
8408,9
8409,3
8410,2
8411,6
8412,0
8413,9
8414,8
8415,4
8416,6
8417,6
8418,7
8419,7
8420,0
8421,4
8422,8
8423,7
8424,7
8425,3
8426,5
8427,4
8428,0
8429,9
8430,2
8431,3
8432,3
8433,0
8434,4
8435,8
8436,3
8437,1
8438,2
8439,8
8440,6
8441,2
8442,6
8443,9
8444,7
8445,7
8446,8
8447,0
8448,9
8449,8
8450,4
8451,3
8452,3
8453,6
8454,1
8455,2
8456,8
8457,0
8458,3
8459,9
8460,1
8461,5
8462,2
8463,3
8464,3
8465,3
8466,7
8467,9
8468,3
8469,4
8470,2
8471,2
8472,8
8473,2
8474,8
8475,8
8476,8
8477,1
8478,4
8479,6
8480,8
8481,2
8482,7
8483,0
8484,4
8485,3
8486,3
8487,7
8488,9
8489,0
8490,3
8491,0
8492,4
8493,3
8494,3
8495,9
8496,4
8497,7
8498,4
8499,8
8500,8
8501,3
8502,9
8503,8
8504,4
8505,2
8506,3
8507,3
8508,7
8509,3
8510,8
8511,9
8512,9
8513,2
8514,0
8515,3
8516,1
8517,6
8518,2
8519,8
8520,4
8521,6
8522,2
8523,3
8524,3
8525,3
8526,3
8527,8
8528,6
8529,4
8530,8
8531,4
8532,6
8533,4
8534,1
8535,6
8536,6
8537,9
8538,6
8539,0
8540,9
8541,6
8542,3
8543,6
8544,8
8545,3
8546,6
8547,8
8548,7
8549,6
8550,7
8551,1
8552,6
8553,3
8554,8
8555,5
8556,4
8557,1
8558,7
8559,1
8560,2
8561,8
8562,2
8563,5
8564,9
8565,6
8566,1
8567,3
8568,4
8569,7
8570,7
8571,7
8572,4
8573,6
8574,4
8575,2
8576,0
8577,9
8578,3
8579,6
8580,7
8581,3
8582,0
8583,3
8584,2
8585,5
8586,7
8587,5
8588,5
8589,9
8590,3
8591,4
8592,0
8593,0
8594,9
8595,3
8596,7
8597,4
8598,7
8599,8
8600,9
8601,3
8602,7
8603,2
8604,3
8605,0
8606,3
8607,3
8608,5
8609,1
8610,2
8611,6
8612,1
8613,0
8614,9
8615,5
8616,0
8617,1
8618,2
8619,3
8620,8
8621,5
8622,7
8623,6
8624,9
8625,8
8626,9
8627,4
8628,8
8629,0
8630,4
8631,3
8632,5
8633,1
8634,4
8635,0
8636,8
8637,4
8638,6
8639,3
8640,0
8641,7
8642,4
8643,5
8644,7
8645,7
8646,8
8647,2
8648,1
8649,2
8650,2
8651,2
8652,5
8653,2
8654,8
8655,5
8656,3
8657,7
8658,0
8659,5
8660,3
8661,3
8662,4
8663,9
8664,4
8665,4
8666,3
8667,7
8668,8
8669,8
8670,0
8671,3
8672,1
8673,3
8674,0
8675,4
8676,7
8677,7
8678,0
8679,1
8680,3
8681,3
8682,1
8683,9
8684,8
8685,9
8686,5
8687,1
8688,6
8689,9
8690,2
8691,2
8692,6
8693,3
8694,4
8695,6
8696,0
8697,1
8698,3
8699,2
8700,3
8701,7
8702,1
8703,8
8704,0
8705,3
8706,4
8707,8
8708,0
8709,7
8710,5
8711,5
8712,8
8713,2
8714,3
8715,6
8716,0
8717,7
8718,9
8719,6
8720,8
8721,8
8722,3
8723,8
8724,2
8725,6
8726,6
8727,2
8728,0
8729,9
8730,4
8731,5
8732,1
8733,9
8734,9
8735,3
8736,2
8737,3
8738,3
8739,6
8740,9
8741,9
8742,0
8743,6
8744,2
8745,2
8746,1
8747,2
8748,8
8749,4
8750,0
8751,9
8752,7
8753,6
8754,9
8755,3
8756,0
8757,0
8758,3
8759,4
8760,2
8761,8
8762,0
8763,6
8764,4
8765,6
8766,3
8767,5
8768,9
8769,3
8770,7
8771,3
8772,3
8773,1
8774,2
8775,9
8776,3
8777,6
8778,7
8779,0
8780,2
8781,5
8782,0
8783,1
8784,8
8785,7
8786,2
8787,5
8788,3
8789,7
8790,4
8791,9
8792,7
8793,2
8794,8
8795,5
8796,9
8797,6
8798,3
8799,3
8800,2
8801,2
8802,5
8803,7
8804,4
8805,5
8806,2
8807,7
8808,7
8809,2
8810,8
8811,6
8812,0
8813,3
8814,4
8815,1
8816,1
8817,0
8818,0
8819,0
8820,4
8821,3
8822,6
8823,3
8824,8
8825,3
8826,2
8827,5
8828,9
8829,1
8830,6
8831,6
8832,9
8833,6
8834,6
8835,2
8836,4
8837,3
8838,3
8839,8
8840,6
8841,4
8842,8
8843,8
8844,3
8845,6
8846,7
8847,3
8848,1
8849,5
8850,2
8851,3
8852,3
8853,4
8854,6
8855,1
8856,0
8857,1
8858,3
8859,6
8860,4
8861,1
8862,3
8863,0
8864,3
8865,0
8866,9
8867,4
8868,3
8869,1
8870,9
8871,5
8872,0
8873,5
8874,6
8875,6
8876,3
8877,1
8878,2
8879,8
8880,4
8881,5
8882,5
8883,3
8884,1
8885,3
8886,8
8887,9
8888,0
8889,4
8890,6
8891,5
8892,8
8893,0
8894,8
8895,9
8896,2
8897,5
8898,5
8899,6
8900,3
8901,2
8902,3
8903,9
8904,3
8905,8
8906,0
8907,9
8908,8
8909,3
8910,9
8911,2
8912,3
8913,5
8914,5
8915,4
8916,9
8917,4
8918,9
8919,3
8920,5
8921,3
8922,1
8923,8
8924,7
8925,3
8926,5
8927,1
8928,6
8929,9
8930,0
8931,3
8932,2
8933,2
8934,1
8935,7
8936,7
8937,3
8938,0
8939,6
8940,7
8941,2
8942,4
8943,8
8944,9
8945,6
8946,2
8947,3
8948,8
8949,6
8950,0
8951,4
8952,3
8953,8
8954,1
8955,2
8956,7
8957,7
8958,3
8959,3
8960,1
8961,9
8962,0
8963,8
8964,3
8965,5
8966,2
8967,9
8968,3
8969,5
8970,9
8971,9
8972,6
8973,0
8974,1
8975,5
8976,3
8977,6
8978,4
8979,8
8980,8
8981,2
8982,2
8983,3
8984,0
8985,3
8986,2
8987,3
8988,1
8989,1
8990,3
8991,3
8992,4
8993,0
8994,0
8995,3
8996,7
8997,8
8998,5
8999,8
9000,3
9001,8
9002,3
9003,9
9004,9
9005,2
9006,5
9007,6
9008,1
9009,4
9010,1
9011,4
9012,7
9013,6
9014,8
9015,9
9016,3
9017,9
9018,3
9019,3
9020,4
9021,8
9022,6
9023,8
9024,0
9025,8
9026,3
9027,1
9028,1
9029,5
9030,8
9031,3
9032,0
9033,6
9034,1
9035,6
9036,4
9037,1
9038,0
9039,8
9040,2
9041,5
9042,9
9043,8
9044,3
9045,4
9046,1
9047,4
9048,9
9049,2
9050,3
9051,2
9052,3
9053,2
9054,3
9055,9
9056,8
9057,1
9058,8
9059,1
9060,0
9061,3
9062,4
9063,8
9064,6
9065,6
9066,9
9067,4
9068,3
9069,1
9070,3
9071,1
9072,1
9073,0
9074,3
9075,6
9076,7
9077,1
9078,3
9079,3
9080,1
9081,0
9082,2
9083,4
9084,9
9085,6
9086,3
9087,5
9088,2
9089,3
9090,9
9091,8
9092,0
9093,4
9094,2
9095,1
9096,0
9097,9
9098,5
9099,1
9100,8
9101,4
9102,3
9103,0
9104,9
9105,5
9106,5
9107,9
9108,2
9109,3
9110,0
9111,3
9112,2
9113,1
9114,0
9115,2
9116,8
9117,8
9118,2
9119,1
9120,4
9121,3
9122,9
9123,8
9124,7
9125,3
9126,1
9127,1
9128,2
9129,3
9130,4
9131,3
9132,5
9133,6
9134,5
9135,7
9136,5
9137,5
9138,9
9139,7
9140,9
9141,4
9142,1
9143,5
9144,9
9145,2
9146,0
9147,3
9148,9
9149,6
9150,5
9151,2
9152,4
9153,1
9154,6
9155,4
9156,9
9157,8
9158,6
9159,8
9160,8
9161,0
9162,2
9163,6
9164,7
9165,7
9166,9
9167,2
9168,8
9169,4
9170,2
9171,2
9172,2
9173,1
9174,5
9175,0
9176,0
9177,7
9178,1
9179,3
9180,0
9181,2
9182,2
9183,2
9184,4
9185,9
9186,3
9187,6
9188,0
9189,9
9190,4
9191,9
9192,0
9193,7
9194,6
9195,5
9196,9
9197,5
9198,8
9199,2
9200,3
9201,6
9202,1
9203,9
9204,8
9205,9
9206,5
9207,1
9208,2
9209,1
9210,9
9211,2
9212,2
9213,1
9214,8
9215,0
9216,6
9217,6
9218,2
9219,3
9220,6
9221,6
9222,5
9223,3
9224,3
9225,3
9226,6
9227,4
9228,3
9229,3
9230,8
9231,6
9232,9
9233,0
9234,0
9235,4
9236,3
9237,3
9238,2
9239,8
9240,8
9241,3
9242,7
9243,3
9244,5
9245,1
9246,5
9247,4
9248,3
9249,8
9250,9
9251,7
9252,6
9253,7
9254,4
9255,7
9256,5
9257,8
9258,7
9259,7
9260,9
9261,3
9262,2
9263,7
9264,3
9265,4
9266,3
9267,5
9268,2
9269,2
9270,6
9271,5
9272,0
9273,4
9274,3
9275,4
9276,8
9277,1
9278,0
9279,6
9280,6
9281,4
9282,4
9283,8
9284,4
9285,5
9286,1
9287,3
9288,7
9289,2
9290,5
9291,1
9292,6
9293,4
9294,8
9295,5
9296,3
9297,1
9298,5
9299,2
9300,6
9301,4
9302,2
9303,0
9304,3
9305,8
9306,5
9307,8
9308,7
9309,3
9310,4
9311,8
9312,6
9313,7
9314,7
9315,3
9316,9
9317,5
9318,2
9319,4
9320,3
9321,9
9322,7
9323,3
9324,3
9325,4
9326,1
9327,3
9328,9
9329,6
9330,7
9331,5
9332,3
9333,9
9334,9
9335,3
9336,2
9337,3
9338,4
9339,3
9340,9
9341,0
9342,6
9343,6
9344,3
9345,0
9346,3
9347,6
9348,2
9349,7
9350,7
9351,2
9352,3
9353,1
9354,3
9355,5
9356,1
9357,7
9358,4
9359,3
9360,3
9361,6
9362,5
9363,2
9364,9
9365,2
9366,0
9367,7
9368,8
9369,3
9370,2
9371,7
9372,3
9373,0
9374,3
9375,9
9376,4
9377,6
9378,3
9379,7
9380,8
9381,4
9382,3
9383,3
9384,3
9385,3
9386,7
9387,1
9388,7
9389,7
9390,7
9391,3
9392,1
9393,3
9394,8
9395,7
9396,9
9397,2
9398,0
9399,1
9400,9
9401,3
9402,4
9403,0
9404,7
9405,0
9406,4
9407,4
9408,2
9409,7
9410,2
9411,9
9412,7
9413,5
9414,1
9415,1
9416,8
9417,8
9418,0
9419,3
9420,8
9421,8
9422,7
9423,6
9424,0
9425,7
9426,7
9427,9
9428,3
9429,8
9430,5
9431,1
9432,1
9433,9
9434,3
9435,4
9436,2
9437,4
9438,3
9439,5
9440,0
9441,3
9442,9
9443,3
9444,7
9445,3
9446,3
9447,9
9448,4
9449,3
9450,0
9451,6
9452,6
9453,1
9454,8
9455,9
9456,5
9457,7
9458,7
9459,1
9460,0
9461,9
9462,4
9463,4
9464,7
9465,1
9466,3
9467,6
9468,9
9469,2
9470,3
9471,1
9472,5
9473,1
9474,2
9475,0
9476,4
9477,3
9478,3
9479,3
9480,0
9481,6
9482,4
9483,3
9484,1
9485,4
9486,6
9487,4
9488,7
9489,5
9490,3
9491,1
9492,5
9493,1
9494,3
9495,0
9496,3
9497,1
9498,0
9499,5
9500,6
9501,0
9502,3
9503,4
9504,9
9505,2
9506,7
9507,4
9508,3
9509,9
9510,0
9511,7
9512,3
9513,9
9514,3
9515,0
9516,5
9517,5
9518,5
9519,4
9520,1
9521,1
9522,7
9523,6
9524,1
9525,1
9526,7
9527,2
9528,3
9529,3
9530,4
9531,6
9532,7
9533,1
9534,8
9535,3
9536,6
9537,4
9538,2
9539,7
9540,3
9541,2
9542,1
9543,9
9544,7
9545,4
9546,8
9547,0
9548,6
9549,4
9550,2
9551,3
9552,7
9553,9
9554,0
9555,2
9556,7
9557,8
9558,8
9559,0
9560,6
9561,3
9562,3
9563,5
9564,0
9565,6
9566,7
9567,3
9568,4
9569,2
9570,1
9571,3
9572,4
9573,3
9574,7
9575,3
9576,5
9577,1
9578,6
9579,7
9580,0
9581,4
9582,9
9583,6
9584,1
9585,1
9586,0
9587,7
9588,3
9589,3
9590,2
9591,9
9592,5
9593,9
9594,4
9595,1
9596,3
9597,5
9598,0
9599,0
9600,3
9601,5
9602,1
9603,4
9604,6
9605,7
9606,3
9607,4
9608,7
9609,3
9610,3
9611,5
9612,7
9613,3
9614,0
9615,3
9616,1
9617,3
9618,7
9619,3
9620,8
9621,3
9622,3
9623,4
9624,3
9625,6
9626,7
9627,7
9628,7
9629,3
9630,3
9631,6
9632,2
9633,1
9634,9
9635,0
9636,1
9637,8
9638,7
9639,3
9640,4
9641,3
9642,3
9643,3
9644,4
9645,7
9646,3
9647,3
9648,2
9649,5
9650,1
9651,0
9652,2
9653,3
9654,3
9655,3
9656,4
9657,3
9658,2
9659,8
9660,0
9661,0
9662,8
9663,3
9664,0
9665,8
9666,9
9667,0
9668,0
9669,6
9670,6
9671,2
9672,9
9673,3
9674,4
9675,3
9676,9
9677,2
9678,4
9679,9
9680,9
9681,5
9682,2
9683,6
9684,7
9685,2
9686,2
9687,3
9688,0
9689,0
9690,2
9691,2
9692,1
9693,5
9694,2
9695,1
9696,8
9697,7
9698,3
9699,8
9700,4
9701,5
9702,5
9703,6
9704,2
9705,3
9706,0
9707,0
9708,5
9709,2
9710,9
9711,2
9712,8
9713,7
9714,3
9715,7
9716,2
9717,0
9718,3
9719,3
9720,6
9721,1
9722,3
9723,2
9724,0
9725,8
9726,3
9727,9
9728,4
9729,0
9730,2
9731,9
9732,4
9733,0
9734,3
9735,3
9736,7
9737,2
9738,6
9739,6
9740,8
9741,9
9742,6
9743,2
9744,5
9745,0
9746,7
9747,1
9748,1
9749,1
9750,7
9751,3
9752,3
9753,3
9754,7
9755,6
9756,0
9757,1
9758,3
9759,7
9760,3
9761,3
9762,4
9763,3
9764,2
9765,6
9766,7
9767,5
9768,6
9769,3
9770,6
9771,6
9772,7
9773,6
9774,0
9775,9
9776,6
9777,7
9778,2
9779,9
9780,3
9781,8
9782,5
9783,3
9784,4
9785,3
9786,4
9787,7
9788,3
9789,0
9790,3
9791,0
9792,5
9793,0
9794,1
9795,4
9796,9
9797,9
9798,6
9799,3
9800,1
9801,4
9802,0
9803,8
9804,3
9805,3
9806,8
9807,4
9808,3
9809,9
9810,5
9811,2
9812,4
9813,8
9814,8
9815,9
9816,0
9817,6
9818,2
9819,1
9820,9
9821,0
9822,9
9823,0
9824,4
9825,0
9826,2
9827,0
9828,2
9829,0
9830,2
9831,1
9832,4
9833,8
9834,8
9835,7
9836,0
9837,1
9838,0
9839,8
9840,9
9841,0
9842,6
9843,1
9844,8
9845,3
9846,3
9847,4
9848,6
9849,9
9850,3
9851,9
9852,3
9853,1
9854,1
9855,4
9856,2
9857,6
9858,9
9859,2
9860,9
9861,1
9862,3
9863,9
9864,5
9865,9
9866,9
9867,2
9868,5
9869,0
9870,9
9871,3
9872,7
9873,4
9874,3
9875,4
9876,2
9877,2
9878,7
9879,2
9880,3
9881,7
9882,0
9883,4
9884,9
9885,0
9886,6
9887,5
9888,2
9889,3
9890,0
9891,9
9892,8
9893,7
9894,2
9895,3
9896,0
9897,4
9898,9
9899,2
9900,9
9901,3
9902,7
9903,7
9904,6
9905,9
9906,7
9907,3
9908,7
9909,4
9910,1
9911,8
9912,6
9913,8
9914,3
9915,6
9916,2
9917,9
9918,8
9919,0
9920,4
9921,6
9922,8
9923,3
9924,8
9925,6
9926,1
9927,6
9928,6
9929,0
9930,6
9931,8
9932,0
9933,5
9934,3
9935,8
9936,9
9937,0
9938,6
9939,3
9940,3
9941,5
9942,2
9943,4
9944,7
9945,4
9946,6
9947,0
9948,3
9949,7
9950,7
9951,0
9952,2
9953,6
9954,6
9955,9
9956,2
9957,1
9958,7
9959,6
9960,3
9961,6
9962,3
9963,4
9964,6
9965,8
9966,3
9967,3
9968,5
9969,9
9970,7
9971,0
9972,3
9973,1
9974,1
9975,1
9976,8
9977,7
9978,2
9979,4
9980,4
9981,3
9982,5
9983,2
9984,9
9985,5
9986,7
9987,8
9988,9
9989,2
9990,4
9991,9
9992,2
9993,7
9994,4
9995,2
9996,9
9997,3
9998,7
9999,3
10000,2
